H spec 1 wave,H spec 1 intensity,H spec 2 wave,H spec 2 intensity,H spec 3 wave,H spec 3 intensity
344.843,-136.5,344.843,-135.44,344.843,-135.61
345.071,4.5,345.071,2.56,345.071,4.39
345.299,4.5,345.299,5.56,345.299,1.39
345.526,3.5,345.526,1.56,345.526,1.39
345.754,6.5,345.754,8.56,345.754,5.39
345.982,2.5,345.982,3.56,345.982,5.39
346.21,2.5,346.21,5.56,346.21,6.39
346.438,5.5,346.438,8.56,346.438,9.39
346.666,9.5,346.666,7.56,346.666,10.39
346.894,10.5,346.894,9.56,346.894,8.39
347.121,11.5,347.121,6.56,347.121,10.39
347.349,7.5,347.349,6.56,347.349,6.39
347.577,10.5,347.577,9.56,347.577,11.39
347.805,9.5,347.805,12.56,347.805,11.39
348.033,14.5,348.033,13.56,348.033,12.39
348.261,7.5,348.261,7.56,348.261,9.39
348.489,15.5,348.489,16.56,348.489,13.39
348.716,10.5,348.716,9.56,348.716,8.39
348.944,8.5,348.944,11.56,348.944,11.39
349.172,7.5,349.172,12.56,349.172,9.39
349.4,6.5,349.4,9.56,349.4,12.39
349.628,10.5,349.628,9.56,349.628,10.39
349.856,12.5,349.856,8.56,349.856,11.39
350.083,9.5,350.083,7.56,350.083,7.39
350.311,6.5,350.311,7.56,350.311,13.39
350.539,9.5,350.539,7.56,350.539,9.39
350.767,7.5,350.767,10.56,350.767,9.39
350.995,8.5,350.995,9.56,350.995,11.39
351.223,11.5,351.223,7.56,351.223,9.39
351.45,8.5,351.45,10.56,351.45,9.39
351.678,7.5,351.678,12.56,351.678,10.39
351.906,2.5,351.906,12.56,351.906,11.39
352.134,8.5,352.134,15.56,352.134,11.39
352.362,6.5,352.362,9.56,352.362,5.39
352.589,10.5,352.589,8.56,352.589,11.39
352.817,7.5,352.817,13.56,352.817,12.39
353.045,7.5,353.045,12.56,353.045,6.39
353.273,14.5,353.273,13.56,353.273,12.39
353.501,6.5,353.501,10.56,353.501,9.39
353.728,27.5,353.728,23.56,353.728,21.39
353.956,10.5,353.956,9.56,353.956,11.39
354.184,10.5,354.184,9.56,354.184,9.39
354.412,6.5,354.412,13.56,354.412,7.39
354.639,8.5,354.639,13.56,354.639,13.39
354.867,6.5,354.867,10.56,354.867,11.39
355.095,10.5,355.095,11.56,355.095,12.39
355.323,8.5,355.323,12.56,355.323,9.39
355.55,12.5,355.55,5.56,355.55,3.39
355.778,12.5,355.778,12.56,355.778,8.39
356.006,10.5,356.006,10.56,356.006,8.39
356.234,10.5,356.234,12.56,356.234,8.39
356.462,10.5,356.462,8.56,356.462,10.39
356.689,11.5,356.689,10.56,356.689,11.39
356.917,5.5,356.917,7.56,356.917,9.39
357.145,11.5,357.145,14.56,357.145,16.39
357.373,4.5,357.373,13.56,357.373,12.39
357.6,11.5,357.6,10.56,357.6,14.39
357.828,8.5,357.828,10.56,357.828,7.39
358.056,6.5,358.056,7.56,358.056,12.39
358.283,11.5,358.283,13.56,358.283,12.39
358.511,10.5,358.511,13.56,358.511,11.39
358.739,9.5,358.739,11.56,358.739,9.39
358.967,12.5,358.967,13.56,358.967,11.39
359.194,10.5,359.194,11.56,359.194,12.39
359.422,7.5,359.422,11.56,359.422,10.39
359.65,7.5,359.65,11.56,359.65,11.39
359.878,12.5,359.878,13.56,359.878,13.39
360.105,8.5,360.105,9.56,360.105,9.39
360.333,7.5,360.333,9.56,360.333,11.39
360.561,37.5,360.561,47.56,360.561,49.39
360.788,8.5,360.788,11.56,360.788,15.39
361.016,11.5,361.016,16.56,361.016,15.39
361.244,12.5,361.244,10.56,361.244,7.39
361.471,8.5,361.471,13.56,361.471,7.39
361.699,18.5,361.699,14.56,361.699,9.39
361.927,9.5,361.927,8.56,361.927,11.39
362.155,9.5,362.155,6.56,362.155,12.39
362.382,10.5,362.382,15.56,362.382,12.39
362.61,12.5,362.61,14.56,362.61,15.39
362.838,12.5,362.838,11.56,362.838,15.39
363.065,14.5,363.065,17.56,363.065,10.39
363.293,12.5,363.293,12.56,363.293,7.39
363.521,18.5,363.521,5.56,363.521,11.39
363.748,8.5,363.748,9.56,363.748,11.39
363.976,9.5,363.976,10.56,363.976,10.39
364.204,8.5,364.204,11.56,364.204,9.39
364.431,10.5,364.431,7.56,364.431,9.39
364.659,12.5,364.659,20.56,364.659,17.39
364.887,8.5,364.887,14.56,364.887,10.39
365.114,8.5,365.114,12.56,365.114,10.39
365.342,12.5,365.342,10.56,365.342,9.39
365.569,9.5,365.569,11.56,365.569,13.39
365.797,12.5,365.797,13.56,365.797,13.39
366.025,12.5,366.025,12.56,366.025,15.39
366.252,6.5,366.252,7.56,366.252,15.39
366.48,16.5,366.48,14.56,366.48,12.39
366.708,12.5,366.708,14.56,366.708,13.39
366.935,10.5,366.935,11.56,366.935,9.39
367.163,10.5,367.163,17.56,367.163,14.39
367.391,10.5,367.391,9.56,367.391,11.39
367.618,15.5,367.618,13.56,367.618,9.39
367.846,17.5,367.846,16.56,367.846,15.39
368.073,14.5,368.073,13.56,368.073,10.39
368.301,9.5,368.301,9.56,368.301,14.39
368.529,10.5,368.529,13.56,368.529,11.39
368.756,14.5,368.756,9.56,368.756,13.39
368.984,14.5,368.984,8.56,368.984,12.39
369.211,18.5,369.211,16.56,369.211,8.39
369.439,8.5,369.439,10.56,369.439,9.39
369.667,10.5,369.667,14.56,369.667,12.39
369.894,8.5,369.894,12.56,369.894,15.39
370.122,9.5,370.122,10.56,370.122,15.39
370.349,11.5,370.349,12.56,370.349,11.39
370.577,12.5,370.577,14.56,370.577,14.39
370.805,7.5,370.805,13.56,370.805,9.39
371.032,13.5,371.032,12.56,371.032,8.39
371.26,11.5,371.26,9.56,371.26,14.39
371.487,10.5,371.487,11.56,371.487,15.39
371.715,14.5,371.715,11.56,371.715,10.39
371.942,11.5,371.942,7.56,371.942,13.39
372.17,12.5,372.17,9.56,372.17,12.39
372.398,6.5,372.398,10.56,372.398,9.39
372.625,5.5,372.625,9.56,372.625,9.39
372.853,8.5,372.853,14.56,372.853,13.39
373.08,9.5,373.08,13.56,373.08,14.39
373.308,9.5,373.308,11.56,373.308,12.39
373.535,11.5,373.535,9.56,373.535,11.39
373.763,7.5,373.763,14.56,373.763,11.39
373.99,6.5,373.99,10.56,373.99,9.39
374.218,10.5,374.218,15.56,374.218,17.39
374.445,10.5,374.445,10.56,374.445,8.39
374.673,12.5,374.673,14.56,374.673,11.39
374.901,10.5,374.901,15.56,374.901,13.39
375.128,10.5,375.128,11.56,375.128,14.39
375.356,14.5,375.356,12.56,375.356,8.39
375.583,14.5,375.583,11.56,375.583,13.39
375.811,40.5,375.811,29.56,375.811,22.39
376.038,13.5,376.038,14.56,376.038,17.39
376.266,10.5,376.266,14.56,376.266,15.39
376.493,10.5,376.493,10.56,376.493,15.39
376.721,11.5,376.721,13.56,376.721,13.39
376.948,14.5,376.948,12.56,376.948,11.39
377.176,11.5,377.176,15.56,377.176,12.39
377.403,12.5,377.403,7.56,377.403,9.39
377.631,12.5,377.631,12.56,377.631,11.39
377.858,9.5,377.858,13.56,377.858,11.39
378.086,10.5,378.086,10.56,378.086,16.39
378.313,13.5,378.313,16.56,378.313,16.39
378.541,13.5,378.541,12.56,378.541,13.39
378.768,10.5,378.768,15.56,378.768,14.39
378.996,13.5,378.996,13.56,378.996,11.39
379.223,12.5,379.223,11.56,379.223,13.39
379.45,7.5,379.45,13.56,379.45,13.39
379.678,12.5,379.678,9.56,379.678,12.39
379.905,11.5,379.905,13.56,379.905,13.39
380.133,11.5,380.133,9.56,380.133,14.39
380.36,13.5,380.36,10.56,380.36,9.39
380.588,14.5,380.588,14.56,380.588,10.39
380.815,13.5,380.815,14.56,380.815,16.39
381.043,12.5,381.043,12.56,381.043,16.39
381.27,13.5,381.27,10.56,381.27,14.39
381.498,13.5,381.498,10.56,381.498,15.39
381.725,11.5,381.725,17.56,381.725,9.39
381.952,13.5,381.952,11.56,381.952,10.39
382.18,12.5,382.18,13.56,382.18,12.39
382.407,11.5,382.407,12.56,382.407,15.39
382.635,12.5,382.635,8.56,382.635,10.39
382.862,11.5,382.862,11.56,382.862,11.39
383.09,7.5,383.09,13.56,383.09,11.39
383.317,13.5,383.317,14.56,383.317,12.39
383.544,11.5,383.544,12.56,383.544,15.39
383.772,12.5,383.772,17.56,383.772,9.39
383.999,12.5,383.999,13.56,383.999,14.39
384.227,6.5,384.227,12.56,384.227,9.39
384.454,12.5,384.454,19.56,384.454,15.39
384.681,10.5,384.681,14.56,384.681,7.39
384.909,8.5,384.909,11.56,384.909,17.39
385.136,13.5,385.136,12.56,385.136,12.39
385.364,12.5,385.364,16.56,385.364,13.39
385.591,13.5,385.591,14.56,385.591,15.39
385.818,12.5,385.818,14.56,385.818,13.39
386.046,8.5,386.046,10.56,386.046,16.39
386.273,14.5,386.273,19.56,386.273,15.39
386.5,12.5,386.5,13.56,386.5,14.39
386.728,14.5,386.728,11.56,386.728,13.39
386.955,12.5,386.955,10.56,386.955,7.39
387.183,16.5,387.183,10.56,387.183,9.39
387.41,10.5,387.41,15.56,387.41,15.39
387.637,10.5,387.637,11.56,387.637,11.39
387.865,14.5,387.865,12.56,387.865,9.39
388.092,12.5,388.092,8.56,388.092,12.39
388.319,8.5,388.319,8.56,388.319,11.39
388.547,16.5,388.547,14.56,388.547,17.39
388.774,7.5,388.774,9.56,388.774,16.39
389.001,10.5,389.001,10.56,389.001,13.39
389.229,11.5,389.229,10.56,389.229,11.39
389.456,12.5,389.456,15.56,389.456,14.39
389.683,12.5,389.683,17.56,389.683,16.39
389.911,8.5,389.911,20.56,389.911,13.39
390.138,14.5,390.138,11.56,390.138,13.39
390.365,12.5,390.365,11.56,390.365,13.39
390.593,13.5,390.593,14.56,390.593,10.39
390.82,10.5,390.82,12.56,390.82,15.39
391.047,7.5,391.047,12.56,391.047,12.39
391.275,10.5,391.275,14.56,391.275,10.39
391.502,15.5,391.502,13.56,391.502,9.39
391.729,10.5,391.729,11.56,391.729,17.39
391.956,12.5,391.956,12.56,391.956,13.39
392.184,15.5,392.184,15.56,392.184,10.39
392.411,12.5,392.411,11.56,392.411,14.39
392.638,11.5,392.638,11.56,392.638,11.39
392.866,15.5,392.866,12.56,392.866,16.39
393.093,20.5,393.093,16.56,393.093,19.39
393.32,8.5,393.32,12.56,393.32,16.39
393.547,9.5,393.547,10.56,393.547,14.39
393.775,10.5,393.775,10.56,393.775,17.39
394.002,13.5,394.002,13.56,394.002,11.39
394.229,12.5,394.229,15.56,394.229,18.39
394.456,14.5,394.456,11.56,394.456,14.39
394.684,12.5,394.684,9.56,394.684,11.39
394.911,15.5,394.911,13.56,394.911,16.39
395.138,9.5,395.138,15.56,395.138,17.39
395.365,8.5,395.365,12.56,395.365,10.39
395.593,12.5,395.593,10.56,395.593,10.39
395.82,16.5,395.82,15.56,395.82,13.39
396.047,17.5,396.047,12.56,396.047,12.39
396.274,10.5,396.274,15.56,396.274,12.39
396.502,16.5,396.502,14.56,396.502,17.39
396.729,10.5,396.729,14.56,396.729,16.39
396.956,10.5,396.956,17.56,396.956,13.39
397.183,10.5,397.183,12.56,397.183,14.39
397.41,11.5,397.41,17.56,397.41,18.39
397.638,10.5,397.638,14.56,397.638,14.39
397.865,8.5,397.865,16.56,397.865,13.39
398.092,13.5,398.092,9.56,398.092,14.39
398.319,12.5,398.319,14.56,398.319,13.39
398.547,12.5,398.547,13.56,398.547,14.39
398.774,13.5,398.774,17.56,398.774,15.39
399.001,12.5,399.001,15.56,399.001,17.39
399.228,13.5,399.228,8.56,399.228,16.39
399.455,13.5,399.455,15.56,399.455,12.39
399.682,11.5,399.682,14.56,399.682,13.39
399.91,12.5,399.91,12.56,399.91,11.39
400.137,11.5,400.137,15.56,400.137,12.39
400.364,12.5,400.364,21.56,400.364,13.39
400.591,13.5,400.591,11.56,400.591,11.39
400.818,8.5,400.818,8.56,400.818,10.39
401.045,14.5,401.045,16.56,401.045,10.39
401.273,13.5,401.273,7.56,401.273,9.39
401.5,12.5,401.5,9.56,401.5,15.39
401.727,13.5,401.727,11.56,401.727,13.39
401.954,14.5,401.954,15.56,401.954,10.39
402.181,16.5,402.181,13.56,402.181,11.39
402.408,10.5,402.408,13.56,402.408,13.39
402.635,10.5,402.635,12.56,402.635,16.39
402.863,10.5,402.863,10.56,402.863,15.39
403.09,10.5,403.09,14.56,403.09,7.39
403.317,9.5,403.317,13.56,403.317,12.39
403.544,15.5,403.544,11.56,403.544,12.39
403.771,13.5,403.771,13.56,403.771,11.39
403.998,13.5,403.998,13.56,403.998,13.39
404.225,13.5,404.225,12.56,404.225,12.39
404.452,12.5,404.452,11.56,404.452,9.39
404.68,11.5,404.68,11.56,404.68,15.39
404.907,8.5,404.907,12.56,404.907,15.39
405.134,8.5,405.134,11.56,405.134,12.39
405.361,9.5,405.361,12.56,405.361,9.39
405.588,11.5,405.588,13.56,405.588,14.39
405.815,13.5,405.815,9.56,405.815,13.39
406.042,8.5,406.042,12.56,406.042,11.39
406.269,11.5,406.269,17.56,406.269,13.39
406.496,11.5,406.496,14.56,406.496,12.39
406.723,11.5,406.723,14.56,406.723,11.39
406.95,13.5,406.95,14.56,406.95,14.39
407.177,12.5,407.177,14.56,407.177,13.39
407.405,14.5,407.405,9.56,407.405,10.39
407.632,8.5,407.632,9.56,407.632,14.39
407.859,9.5,407.859,11.56,407.859,21.39
408.086,10.5,408.086,13.56,408.086,14.39
408.313,11.5,408.313,13.56,408.313,13.39
408.54,12.5,408.54,12.56,408.54,13.39
408.767,10.5,408.767,11.56,408.767,13.39
408.994,9.5,408.994,12.56,408.994,13.39
409.221,11.5,409.221,13.56,409.221,14.39
409.448,10.5,409.448,15.56,409.448,13.39
409.675,8.5,409.675,13.56,409.675,14.39
409.902,10.5,409.902,15.56,409.902,14.39
410.129,10.5,410.129,15.56,410.129,11.39
410.356,14.5,410.356,16.56,410.356,17.39
410.583,14.5,410.583,16.56,410.583,13.39
410.81,8.5,410.81,13.56,410.81,11.39
411.037,8.5,411.037,18.56,411.037,12.39
411.264,12.5,411.264,18.56,411.264,15.39
411.491,12.5,411.491,14.56,411.491,12.39
411.718,12.5,411.718,11.56,411.718,11.39
411.945,11.5,411.945,17.56,411.945,12.39
412.172,15.5,412.172,12.56,412.172,12.39
412.399,15.5,412.399,13.56,412.399,13.39
412.626,8.5,412.626,13.56,412.626,9.39
412.853,14.5,412.853,14.56,412.853,10.39
413.08,12.5,413.08,12.56,413.08,11.39
413.307,13.5,413.307,14.56,413.307,13.39
413.534,12.5,413.534,17.56,413.534,17.39
413.761,21.5,413.761,14.56,413.761,15.39
413.988,18.5,413.988,13.56,413.988,13.39
414.215,11.5,414.215,15.56,414.215,11.39
414.442,10.5,414.442,9.56,414.442,13.39
414.669,13.5,414.669,12.56,414.669,14.39
414.896,12.5,414.896,11.56,414.896,14.39
415.122,8.5,415.122,15.56,415.122,13.39
415.349,8.5,415.349,13.56,415.349,14.39
415.576,12.5,415.576,15.56,415.576,9.39
415.803,10.5,415.803,9.56,415.803,17.39
416.03,10.5,416.03,14.56,416.03,15.39
416.257,12.5,416.257,16.56,416.257,9.39
416.484,10.5,416.484,13.56,416.484,13.39
416.711,13.5,416.711,11.56,416.711,18.39
416.938,14.5,416.938,17.56,416.938,14.39
417.165,11.5,417.165,14.56,417.165,11.39
417.392,12.5,417.392,13.56,417.392,10.39
417.619,12.5,417.619,17.56,417.619,13.39
417.845,10.5,417.845,13.56,417.845,14.39
418.072,10.5,418.072,11.56,418.072,16.39
418.299,12.5,418.299,12.56,418.299,16.39
418.526,12.5,418.526,17.56,418.526,18.39
418.753,11.5,418.753,13.56,418.753,11.39
418.98,7.5,418.98,13.56,418.98,13.39
419.207,12.5,419.207,16.56,419.207,18.39
419.434,10.5,419.434,14.56,419.434,9.39
419.66,13.5,419.66,11.56,419.66,11.39
419.887,8.5,419.887,9.56,419.887,14.39
420.114,12.5,420.114,11.56,420.114,11.39
420.341,13.5,420.341,16.56,420.341,13.39
420.568,10.5,420.568,12.56,420.568,13.39
420.795,6.5,420.795,15.56,420.795,11.39
421.021,11.5,421.021,12.56,421.021,13.39
421.248,8.5,421.248,15.56,421.248,13.39
421.475,16.5,421.475,12.56,421.475,13.39
421.702,12.5,421.702,12.56,421.702,13.39
421.929,12.5,421.929,10.56,421.929,15.39
422.156,13.5,422.156,8.56,422.156,11.39
422.382,12.5,422.382,13.56,422.382,13.39
422.609,17.5,422.609,17.56,422.609,13.39
422.836,14.5,422.836,11.56,422.836,14.39
423.063,12.5,423.063,11.56,423.063,15.39
423.29,13.5,423.29,21.56,423.29,11.39
423.516,13.5,423.516,17.56,423.516,17.39
423.743,14.5,423.743,11.56,423.743,10.39
423.97,8.5,423.97,10.56,423.97,15.39
424.197,14.5,424.197,12.56,424.197,11.39
424.424,14.5,424.424,17.56,424.424,14.39
424.65,12.5,424.65,16.56,424.65,17.39
424.877,15.5,424.877,11.56,424.877,9.39
425.104,14.5,425.104,17.56,425.104,11.39
425.331,9.5,425.331,13.56,425.331,18.39
425.557,10.5,425.557,14.56,425.557,13.39
425.784,13.5,425.784,13.56,425.784,11.39
426.011,13.5,426.011,11.56,426.011,12.39
426.238,15.5,426.238,16.56,426.238,18.39
426.464,13.5,426.464,13.56,426.464,7.39
426.691,10.5,426.691,19.56,426.691,19.39
426.918,12.5,426.918,13.56,426.918,11.39
427.145,11.5,427.145,16.56,427.145,12.39
427.371,15.5,427.371,11.56,427.371,15.39
427.598,49.5,427.598,55.56,427.598,52.39
427.825,13.5,427.825,12.56,427.825,13.39
428.052,10.5,428.052,14.56,428.052,16.39
428.278,6.5,428.278,12.56,428.278,13.39
428.505,12.5,428.505,13.56,428.505,13.39
428.732,14.5,428.732,12.56,428.732,11.39
428.958,13.5,428.958,12.56,428.958,9.39
429.185,16.5,429.185,12.56,429.185,11.39
429.412,10.5,429.412,11.56,429.412,13.39
429.638,9.5,429.638,11.56,429.638,12.39
429.865,14.5,429.865,8.56,429.865,11.39
430.092,10.5,430.092,12.56,430.092,11.39
430.319,10.5,430.319,16.56,430.319,14.39
430.545,9.5,430.545,15.56,430.545,14.39
430.772,12.5,430.772,14.56,430.772,17.39
430.999,8.5,430.999,13.56,430.999,12.39
431.225,17.5,431.225,9.56,431.225,12.39
431.452,9.5,431.452,13.56,431.452,11.39
431.679,13.5,431.679,17.56,431.679,12.39
431.905,8.5,431.905,13.56,431.905,10.39
432.132,11.5,432.132,10.56,432.132,13.39
432.358,8.5,432.358,14.56,432.358,13.39
432.585,8.5,432.585,13.56,432.585,8.39
432.812,13.5,432.812,11.56,432.812,13.39
433.038,12.5,433.038,11.56,433.038,9.39
433.265,11.5,433.265,14.56,433.265,15.39
433.492,12.5,433.492,13.56,433.492,14.39
433.718,7.5,433.718,13.56,433.718,12.39
433.945,10.5,433.945,16.56,433.945,16.39
434.171,16.5,434.171,18.56,434.171,21.39
434.398,13.5,434.398,9.56,434.398,15.39
434.625,9.5,434.625,15.56,434.625,13.39
434.851,12.5,434.851,13.56,434.851,12.39
435.078,10.5,435.078,13.56,435.078,12.39
435.304,10.5,435.304,11.56,435.304,7.39
435.531,6.5,435.531,15.56,435.531,12.39
435.758,12.5,435.758,11.56,435.758,11.39
435.984,10.5,435.984,12.56,435.984,7.39
436.211,12.5,436.211,13.56,436.211,12.39
436.437,18.5,436.437,13.56,436.437,16.39
436.664,16.5,436.664,15.56,436.664,15.39
436.89,10.5,436.89,11.56,436.89,15.39
437.117,68.5,437.117,60.56,437.117,64.39
437.344,25.5,437.344,23.56,437.344,25.39
437.57,31.5,437.57,25.56,437.57,35.39
437.797,36.5,437.797,34.56,437.797,33.39
438.023,19.5,438.023,20.56,438.023,21.39
438.25,11.5,438.25,17.56,438.25,13.39
438.476,15.5,438.476,14.56,438.476,8.39
438.703,14.5,438.703,13.56,438.703,11.39
438.929,14.5,438.929,12.56,438.929,11.39
439.156,10.5,439.156,13.56,439.156,14.39
439.382,14.5,439.382,15.56,439.382,9.39
439.609,14.5,439.609,11.56,439.609,13.39
439.835,10.5,439.835,10.56,439.835,9.39
440.062,19.5,440.062,9.56,440.062,13.39
440.288,17.5,440.288,15.56,440.288,18.39
440.515,10.5,440.515,12.56,440.515,13.39
440.741,11.5,440.741,15.56,440.741,10.39
440.968,12.5,440.968,12.56,440.968,11.39
441.194,12.5,441.194,15.56,441.194,11.39
441.421,10.5,441.421,12.56,441.421,8.39
441.647,14.5,441.647,13.56,441.647,14.39
441.874,14.5,441.874,14.56,441.874,12.39
442.1,14.5,442.1,11.56,442.1,13.39
442.327,14.5,442.327,14.56,442.327,15.39
442.553,12.5,442.553,13.56,442.553,17.39
442.78,12.5,442.78,12.56,442.78,11.39
443.006,12.5,443.006,15.56,443.006,13.39
443.232,15.5,443.232,11.56,443.232,14.39
443.459,14.5,443.459,14.56,443.459,13.39
443.685,11.5,443.685,11.56,443.685,13.39
443.912,10.5,443.912,17.56,443.912,15.39
444.138,9.5,444.138,18.56,444.138,16.39
444.365,13.5,444.365,11.56,444.365,14.39
444.591,12.5,444.591,11.56,444.591,8.39
444.817,11.5,444.817,12.56,444.817,13.39
445.044,15.5,445.044,13.56,445.044,13.39
445.27,12.5,445.27,11.56,445.27,15.39
445.497,8.5,445.497,16.56,445.497,13.39
445.723,10.5,445.723,10.56,445.723,11.39
445.949,9.5,445.949,9.56,445.949,17.39
446.176,13.5,446.176,11.56,446.176,13.39
446.402,10.5,446.402,18.56,446.402,17.39
446.629,7.5,446.629,12.56,446.629,14.39
446.855,11.5,446.855,10.56,446.855,12.39
447.081,12.5,447.081,13.56,447.081,15.39
447.308,10.5,447.308,14.56,447.308,13.39
447.534,11.5,447.534,12.56,447.534,12.39
447.76,17.5,447.76,12.56,447.76,13.39
447.987,11.5,447.987,15.56,447.987,14.39
448.213,11.5,448.213,16.56,448.213,15.39
448.439,12.5,448.439,14.56,448.439,11.39
448.666,14.5,448.666,15.56,448.666,15.39
448.892,14.5,448.892,9.56,448.892,11.39
449.118,9.5,449.118,13.56,449.118,14.39
449.345,10.5,449.345,15.56,449.345,11.39
449.571,9.5,449.571,10.56,449.571,9.39
449.797,8.5,449.797,14.56,449.797,11.39
450.024,9.5,450.024,9.56,450.024,11.39
450.25,12.5,450.25,12.56,450.25,12.39
450.476,15.5,450.476,11.56,450.476,10.39
450.703,10.5,450.703,11.56,450.703,9.39
450.929,25.5,450.929,33.56,450.929,32.39
451.155,6.5,451.155,12.56,451.155,14.39
451.382,13.5,451.382,11.56,451.382,14.39
451.608,10.5,451.608,12.56,451.608,19.39
451.834,9.5,451.834,11.56,451.834,16.39
452.06,10.5,452.06,10.56,452.06,14.39
452.287,11.5,452.287,9.56,452.287,11.39
452.513,12.5,452.513,13.56,452.513,13.39
452.739,11.5,452.739,13.56,452.739,13.39
452.965,11.5,452.965,15.56,452.965,18.39
453.192,12.5,453.192,12.56,453.192,9.39
453.418,9.5,453.418,11.56,453.418,12.39
453.644,14.5,453.644,13.56,453.644,17.39
453.87,12.5,453.87,9.56,453.87,16.39
454.097,7.5,454.097,11.56,454.097,17.39
454.323,11.5,454.323,11.56,454.323,9.39
454.549,15.5,454.549,14.56,454.549,15.39
454.775,10.5,454.775,17.56,454.775,17.39
455.002,10.5,455.002,13.56,455.002,15.39
455.228,11.5,455.228,13.56,455.228,10.39
455.454,11.5,455.454,12.56,455.454,9.39
455.68,9.5,455.68,13.56,455.68,11.39
455.906,10.5,455.906,15.56,455.906,13.39
456.133,14.5,456.133,13.56,456.133,12.39
456.359,12.5,456.359,11.56,456.359,15.39
456.585,6.5,456.585,13.56,456.585,9.39
456.811,10.5,456.811,16.56,456.811,14.39
457.037,11.5,457.037,17.56,457.037,13.39
457.263,12.5,457.263,14.56,457.263,7.39
457.49,9.5,457.49,17.56,457.49,10.39
457.716,10.5,457.716,17.56,457.716,13.39
457.942,12.5,457.942,13.56,457.942,11.39
458.168,10.5,458.168,9.56,458.168,7.39
458.394,14.5,458.394,11.56,458.394,8.39
458.62,14.5,458.62,12.56,458.62,16.39
458.847,12.5,458.847,12.56,458.847,15.39
459.073,15.5,459.073,12.56,459.073,7.39
459.299,13.5,459.299,13.56,459.299,9.39
459.525,12.5,459.525,11.56,459.525,11.39
459.751,10.5,459.751,13.56,459.751,12.39
459.977,9.5,459.977,12.56,459.977,14.39
460.203,10.5,460.203,16.56,460.203,14.39
460.429,12.5,460.429,15.56,460.429,13.39
460.656,13.5,460.656,14.56,460.656,11.39
460.882,10.5,460.882,11.56,460.882,13.39
461.108,10.5,461.108,17.56,461.108,11.39
461.334,9.5,461.334,16.56,461.334,14.39
461.56,12.5,461.56,13.56,461.56,11.39
461.786,7.5,461.786,11.56,461.786,17.39
462.012,12.5,462.012,13.56,462.012,13.39
462.238,12.5,462.238,11.56,462.238,13.39
462.464,14.5,462.464,13.56,462.464,11.39
462.69,15.5,462.69,12.56,462.69,11.39
462.916,11.5,462.916,15.56,462.916,14.39
463.142,14.5,463.142,11.56,463.142,17.39
463.368,10.5,463.368,11.56,463.368,6.39
463.594,16.5,463.594,12.56,463.594,11.39
463.82,9.5,463.82,13.56,463.82,8.39
464.047,16.5,464.047,13.56,464.047,13.39
464.273,7.5,464.273,13.56,464.273,15.39
464.499,14.5,464.499,14.56,464.499,10.39
464.725,9.5,464.725,15.56,464.725,12.39
464.951,10.5,464.951,11.56,464.951,12.39
465.177,13.5,465.177,15.56,465.177,11.39
465.403,12.5,465.403,10.56,465.403,14.39
465.629,11.5,465.629,15.56,465.629,16.39
465.855,14.5,465.855,15.56,465.855,11.39
466.081,18.5,466.081,20.56,466.081,19.39
466.307,12.5,466.307,16.56,466.307,14.39
466.533,6.5,466.533,15.56,466.533,10.39
466.759,12.5,466.759,13.56,466.759,10.39
466.985,11.5,466.985,14.56,466.985,12.39
467.211,14.5,467.211,11.56,467.211,12.39
467.436,8.5,467.436,13.56,467.436,13.39
467.662,9.5,467.662,11.56,467.662,11.39
467.888,16.5,467.888,13.56,467.888,11.39
468.114,14.5,468.114,15.56,468.114,15.39
468.34,12.5,468.34,14.56,468.34,9.39
468.566,10.5,468.566,19.56,468.566,9.39
468.792,14.5,468.792,13.56,468.792,22.39
469.018,12.5,469.018,12.56,469.018,13.39
469.244,12.5,469.244,9.56,469.244,8.39
469.47,9.5,469.47,11.56,469.47,9.39
469.696,15.5,469.696,11.56,469.696,16.39
469.922,11.5,469.922,12.56,469.922,14.39
470.148,11.5,470.148,13.56,470.148,13.39
470.374,14.5,470.374,13.56,470.374,14.39
470.599,10.5,470.599,13.56,470.599,13.39
470.825,10.5,470.825,15.56,470.825,14.39
471.051,12.5,471.051,13.56,471.051,16.39
471.277,10.5,471.277,11.56,471.277,9.39
471.503,10.5,471.503,11.56,471.503,10.39
471.729,16.5,471.729,19.56,471.729,16.39
471.955,11.5,471.955,13.56,471.955,13.39
472.181,8.5,472.181,13.56,472.181,16.39
472.406,12.5,472.406,12.56,472.406,7.39
472.632,10.5,472.632,13.56,472.632,14.39
472.858,10.5,472.858,10.56,472.858,11.39
473.084,16.5,473.084,19.56,473.084,13.39
473.31,14.5,473.31,17.56,473.31,8.39
473.536,12.5,473.536,10.56,473.536,12.39
473.762,12.5,473.762,11.56,473.762,13.39
473.987,14.5,473.987,13.56,473.987,13.39
474.213,8.5,474.213,14.56,474.213,12.39
474.439,12.5,474.439,17.56,474.439,7.39
474.665,16.5,474.665,15.56,474.665,9.39
474.891,11.5,474.891,14.56,474.891,15.39
475.116,11.5,475.116,15.56,475.116,13.39
475.342,11.5,475.342,13.56,475.342,11.39
475.568,15.5,475.568,16.56,475.568,17.39
475.794,11.5,475.794,13.56,475.794,15.39
476.02,10.5,476.02,11.56,476.02,8.39
476.245,7.5,476.245,9.56,476.245,12.39
476.471,8.5,476.471,12.56,476.471,7.39
476.697,10.5,476.697,13.56,476.697,10.39
476.923,10.5,476.923,13.56,476.923,14.39
477.148,10.5,477.148,13.56,477.148,15.39
477.374,8.5,477.374,15.56,477.374,15.39
477.6,12.5,477.6,14.56,477.6,9.39
477.826,10.5,477.826,12.56,477.826,12.39
478.051,13.5,478.051,14.56,478.051,13.39
478.277,11.5,478.277,14.56,478.277,13.39
478.503,12.5,478.503,12.56,478.503,10.39
478.729,10.5,478.729,17.56,478.729,10.39
478.954,12.5,478.954,13.56,478.954,12.39
479.18,13.5,479.18,11.56,479.18,16.39
479.406,11.5,479.406,13.56,479.406,12.39
479.631,5.5,479.631,15.56,479.631,10.39
479.857,13.5,479.857,8.56,479.857,13.39
480.083,12.5,480.083,11.56,480.083,9.39
480.309,13.5,480.309,11.56,480.309,17.39
480.534,10.5,480.534,10.56,480.534,13.39
480.76,12.5,480.76,13.56,480.76,17.39
480.986,11.5,480.986,14.56,480.986,14.39
481.211,12.5,481.211,15.56,481.211,11.39
481.437,10.5,481.437,8.56,481.437,13.39
481.663,13.5,481.663,7.56,481.663,13.39
481.888,13.5,481.888,9.56,481.888,11.39
482.114,6.5,482.114,16.56,482.114,11.39
482.34,9.5,482.34,11.56,482.34,13.39
482.565,11.5,482.565,13.56,482.565,18.39
482.791,14.5,482.791,15.56,482.791,16.39
483.016,8.5,483.016,15.56,483.016,17.39
483.242,8.5,483.242,16.56,483.242,13.39
483.468,12.5,483.468,14.56,483.468,13.39
483.693,12.5,483.693,13.56,483.693,13.39
483.919,14.5,483.919,13.56,483.919,11.39
484.144,7.5,484.144,8.56,484.144,13.39
484.37,10.5,484.37,11.56,484.37,11.39
484.596,9.5,484.596,9.56,484.596,15.39
484.821,10.5,484.821,13.56,484.821,13.39
485.047,9.5,485.047,9.56,485.047,13.39
485.272,12.5,485.272,15.56,485.272,15.39
485.498,9.5,485.498,10.56,485.498,12.39
485.724,16.5,485.724,14.56,485.724,12.39
485.949,14.5,485.949,11.56,485.949,14.39
486.175,12.5,486.175,13.56,486.175,11.39
486.4,10.5,486.4,15.56,486.4,19.39
486.626,9.5,486.626,10.56,486.626,10.39
486.851,13.5,486.851,15.56,486.851,15.39
487.077,14.5,487.077,15.56,487.077,8.39
487.302,8.5,487.302,15.56,487.302,13.39
487.528,14.5,487.528,17.56,487.528,13.39
487.753,14.5,487.753,17.56,487.753,15.39
487.979,14.5,487.979,13.56,487.979,15.39
488.204,12.5,488.204,14.56,488.204,13.39
488.43,11.5,488.43,14.56,488.43,11.39
488.656,14.5,488.656,16.56,488.656,18.39
488.881,16.5,488.881,21.56,488.881,17.39
489.107,18.5,489.107,21.56,489.107,25.39
489.332,35.5,489.332,34.56,489.332,39.39
489.557,188.5,489.557,184.56,489.557,189.39
489.783,781.5,489.783,726.56,489.783,749.39
490.008,305.5,490.008,286.56,490.008,290.39
490.234,27.5,490.234,30.56,490.234,30.39
490.459,20.5,490.459,18.56,490.459,18.39
490.685,15.5,490.685,15.56,490.685,14.39
490.91,14.5,490.91,21.56,490.91,9.39
491.136,13.5,491.136,16.56,491.136,14.39
491.361,12.5,491.361,13.56,491.361,16.39
491.587,10.5,491.587,13.56,491.587,18.39
491.812,15.5,491.812,14.56,491.812,14.39
492.037,12.5,492.037,10.56,492.037,16.39
492.263,11.5,492.263,13.56,492.263,15.39
492.488,10.5,492.488,15.56,492.488,17.39
492.714,10.5,492.714,13.56,492.714,14.39
492.939,17.5,492.939,11.56,492.939,11.39
493.164,9.5,493.164,15.56,493.164,11.39
493.39,16.5,493.39,12.56,493.39,14.39
493.615,16.5,493.615,13.56,493.615,13.39
493.841,8.5,493.841,11.56,493.841,11.39
494.066,11.5,494.066,13.56,494.066,15.39
494.291,16.5,494.291,13.56,494.291,11.39
494.517,11.5,494.517,13.56,494.517,13.39
494.742,10.5,494.742,13.56,494.742,17.39
494.968,13.5,494.968,11.56,494.968,14.39
495.193,13.5,495.193,16.56,495.193,16.39
495.418,15.5,495.418,15.56,495.418,15.39
495.644,13.5,495.644,10.56,495.644,15.39
495.869,15.5,495.869,10.56,495.869,17.39
496.094,12.5,496.094,9.56,496.094,11.39
496.32,12.5,496.32,15.56,496.32,15.39
496.545,13.5,496.545,18.56,496.545,15.39
496.77,12.5,496.77,17.56,496.77,22.39
496.995,8.5,496.995,15.56,496.995,17.39
497.221,9.5,497.221,19.56,497.221,11.39
497.446,10.5,497.446,12.56,497.446,14.39
497.671,12.5,497.671,11.56,497.671,12.39
497.897,11.5,497.897,18.56,497.897,14.39
498.122,12.5,498.122,11.56,498.122,13.39
498.347,8.5,498.347,15.56,498.347,13.39
498.573,14.5,498.573,11.56,498.573,18.39
498.798,12.5,498.798,15.56,498.798,14.39
499.023,16.5,499.023,12.56,499.023,13.39
499.248,12.5,499.248,11.56,499.248,10.39
499.474,8.5,499.474,10.56,499.474,10.39
499.699,13.5,499.699,12.56,499.699,13.39
499.924,8.5,499.924,13.56,499.924,13.39
500.149,11.5,500.149,9.56,500.149,11.39
500.375,12.5,500.375,8.56,500.375,15.39
500.6,11.5,500.6,10.56,500.6,17.39
500.825,9.5,500.825,13.56,500.825,16.39
501.05,21.5,501.05,20.56,501.05,19.39
501.275,13.5,501.275,14.56,501.275,15.39
501.501,14.5,501.501,13.56,501.501,16.39
501.726,10.5,501.726,11.56,501.726,14.39
501.951,8.5,501.951,13.56,501.951,15.39
502.176,10.5,502.176,10.56,502.176,15.39
502.401,9.5,502.401,12.56,502.401,15.39
502.627,8.5,502.627,13.56,502.627,13.39
502.852,9.5,502.852,11.56,502.852,15.39
503.077,6.5,503.077,7.56,503.077,14.39
503.302,8.5,503.302,13.56,503.302,10.39
503.527,11.5,503.527,9.56,503.527,12.39
503.752,10.5,503.752,12.56,503.752,14.39
503.978,14.5,503.978,14.56,503.978,14.39
504.203,10.5,504.203,12.56,504.203,14.39
504.428,9.5,504.428,12.56,504.428,14.39
504.653,17.5,504.653,16.56,504.653,23.39
504.878,11.5,504.878,11.56,504.878,15.39
505.103,14.5,505.103,10.56,505.103,16.39
505.328,16.5,505.328,14.56,505.328,12.39
505.553,12.5,505.553,13.56,505.553,14.39
505.778,14.5,505.778,11.56,505.778,11.39
506.004,16.5,506.004,13.56,506.004,16.39
506.229,11.5,506.229,13.56,506.229,15.39
506.454,14.5,506.454,11.56,506.454,14.39
506.679,10.5,506.679,11.56,506.679,13.39
506.904,13.5,506.904,11.56,506.904,13.39
507.129,16.5,507.129,21.56,507.129,17.39
507.354,12.5,507.354,15.56,507.354,12.39
507.579,7.5,507.579,13.56,507.579,11.39
507.804,12.5,507.804,16.56,507.804,12.39
508.029,38.5,508.029,36.56,508.029,28.39
508.254,7.5,508.254,13.56,508.254,11.39
508.479,11.5,508.479,15.56,508.479,15.39
508.704,10.5,508.704,11.56,508.704,12.39
508.929,8.5,508.929,11.56,508.929,11.39
509.154,12.5,509.154,12.56,509.154,14.39
509.379,9.5,509.379,15.56,509.379,12.39
509.604,13.5,509.604,15.56,509.604,15.39
509.829,10.5,509.829,14.56,509.829,15.39
510.054,8.5,510.054,14.56,510.054,13.39
510.279,10.5,510.279,11.56,510.279,11.39
510.504,12.5,510.504,10.56,510.504,16.39
510.729,14.5,510.729,11.56,510.729,14.39
510.954,10.5,510.954,14.56,510.954,13.39
511.179,11.5,511.179,13.56,511.179,15.39
511.404,7.5,511.404,13.56,511.404,11.39
511.629,10.5,511.629,10.56,511.629,10.39
511.854,10.5,511.854,15.56,511.854,9.39
512.079,12.5,512.079,14.56,512.079,13.39
512.304,8.5,512.304,14.56,512.304,15.39
512.529,9.5,512.529,6.56,512.529,9.39
512.754,16.5,512.754,18.56,512.754,18.39
512.979,14.5,512.979,13.56,512.979,15.39
513.204,11.5,513.204,9.56,513.204,11.39
513.429,14.5,513.429,17.56,513.429,13.39
513.654,13.5,513.654,12.56,513.654,12.39
513.879,10.5,513.879,11.56,513.879,11.39
514.103,10.5,514.103,13.56,514.103,13.39
514.328,7.5,514.328,15.56,514.328,11.39
514.553,14.5,514.553,11.56,514.553,8.39
514.778,10.5,514.778,13.56,514.778,14.39
515.003,11.5,515.003,11.56,515.003,9.39
515.228,7.5,515.228,15.56,515.228,13.39
515.453,16.5,515.453,20.56,515.453,17.39
515.678,10.5,515.678,11.56,515.678,10.39
515.902,13.5,515.902,16.56,515.902,15.39
516.127,6.5,516.127,15.56,516.127,12.39
516.352,16.5,516.352,12.56,516.352,12.39
516.577,11.5,516.577,15.56,516.577,13.39
516.802,10.5,516.802,14.56,516.802,13.39
517.027,6.5,517.027,12.56,517.027,13.39
517.251,10.5,517.251,13.56,517.251,8.39
517.476,12.5,517.476,11.56,517.476,11.39
517.701,11.5,517.701,11.56,517.701,16.39
517.926,10.5,517.926,11.56,517.926,9.39
518.151,10.5,518.151,9.56,518.151,12.39
518.375,6.5,518.375,9.56,518.375,18.39
518.6,10.5,518.6,10.56,518.6,14.39
518.825,12.5,518.825,18.56,518.825,14.39
519.05,13.5,519.05,17.56,519.05,15.39
519.275,11.5,519.275,9.56,519.275,14.39
519.499,10.5,519.499,6.56,519.499,13.39
519.724,10.5,519.724,13.56,519.724,16.39
519.949,13.5,519.949,11.56,519.949,15.39
520.174,10.5,520.174,13.56,520.174,13.39
520.398,14.5,520.398,16.56,520.398,13.39
520.623,11.5,520.623,11.56,520.623,13.39
520.848,11.5,520.848,12.56,520.848,12.39
521.072,13.5,521.072,11.56,521.072,14.39
521.297,11.5,521.297,15.56,521.297,13.39
521.522,11.5,521.522,13.56,521.522,9.39
521.747,10.5,521.747,14.56,521.747,16.39
521.971,10.5,521.971,11.56,521.971,15.39
522.196,7.5,522.196,11.56,522.196,12.39
522.421,14.5,522.421,7.56,522.421,12.39
522.645,11.5,522.645,11.56,522.645,9.39
522.87,8.5,522.87,13.56,522.87,11.39
523.095,8.5,523.095,14.56,523.095,10.39
523.319,10.5,523.319,8.56,523.319,11.39
523.544,12.5,523.544,16.56,523.544,11.39
523.769,14.5,523.769,14.56,523.769,17.39
523.993,9.5,523.993,12.56,523.993,13.39
524.218,14.5,524.218,14.56,524.218,9.39
524.443,12.5,524.443,12.56,524.443,13.39
524.667,13.5,524.667,7.56,524.667,11.39
524.892,9.5,524.892,12.56,524.892,11.39
525.117,8.5,525.117,16.56,525.117,11.39
525.341,10.5,525.341,12.56,525.341,13.39
525.566,10.5,525.566,15.56,525.566,14.39
525.79,43.5,525.79,39.56,525.79,41.39
526.015,10.5,526.015,14.56,526.015,11.39
526.24,9.5,526.24,12.56,526.24,7.39
526.464,13.5,526.464,7.56,526.464,11.39
526.689,8.5,526.689,11.56,526.689,13.39
526.913,11.5,526.913,15.56,526.913,14.39
527.138,12.5,527.138,13.56,527.138,12.39
527.362,10.5,527.362,12.56,527.362,16.39
527.587,11.5,527.587,15.56,527.587,9.39
527.812,14.5,527.812,11.56,527.812,11.39
528.036,10.5,528.036,9.56,528.036,15.39
528.261,7.5,528.261,13.56,528.261,16.39
528.485,10.5,528.485,13.56,528.485,14.39
528.71,8.5,528.71,14.56,528.71,11.39
528.934,6.5,528.934,13.56,528.934,12.39
529.159,8.5,529.159,10.56,529.159,11.39
529.383,10.5,529.383,12.56,529.383,13.39
529.608,13.5,529.608,14.56,529.608,17.39
529.832,12.5,529.832,9.56,529.832,16.39
530.057,9.5,530.057,12.56,530.057,18.39
530.281,12.5,530.281,14.56,530.281,17.39
530.506,12.5,530.506,15.56,530.506,15.39
530.73,10.5,530.73,13.56,530.73,10.39
530.955,15.5,530.955,12.56,530.955,18.39
531.179,13.5,531.179,15.56,531.179,10.39
531.404,14.5,531.404,12.56,531.404,15.39
531.628,12.5,531.628,11.56,531.628,16.39
531.852,12.5,531.852,9.56,531.852,13.39
532.077,12.5,532.077,13.56,532.077,13.39
532.301,13.5,532.301,11.56,532.301,11.39
532.526,14.5,532.526,15.56,532.526,13.39
532.75,12.5,532.75,12.56,532.75,10.39
532.975,9.5,532.975,15.56,532.975,12.39
533.199,16.5,533.199,9.56,533.199,13.39
533.423,8.5,533.423,10.56,533.423,11.39
533.648,9.5,533.648,13.56,533.648,9.39
533.872,12.5,533.872,13.56,533.872,12.39
534.097,13.5,534.097,11.56,534.097,14.39
534.321,14.5,534.321,14.56,534.321,16.39
534.545,13.5,534.545,9.56,534.545,13.39
534.77,13.5,534.77,16.56,534.77,16.39
534.994,12.5,534.994,9.56,534.994,15.39
535.218,13.5,535.218,12.56,535.218,14.39
535.443,12.5,535.443,16.56,535.443,10.39
535.667,15.5,535.667,9.56,535.667,16.39
535.891,11.5,535.891,7.56,535.891,12.39
536.116,10.5,536.116,14.56,536.116,14.39
536.34,10.5,536.34,12.56,536.34,11.39
536.564,8.5,536.564,14.56,536.564,13.39
536.789,10.5,536.789,11.56,536.789,15.39
537.013,13.5,537.013,14.56,537.013,13.39
537.237,8.5,537.237,13.56,537.237,15.39
537.462,9.5,537.462,12.56,537.462,6.39
537.686,15.5,537.686,15.56,537.686,17.39
537.91,12.5,537.91,13.56,537.91,12.39
538.134,9.5,538.134,11.56,538.134,14.39
538.359,6.5,538.359,11.56,538.359,13.39
538.583,10.5,538.583,15.56,538.583,9.39
538.807,10.5,538.807,11.56,538.807,12.39
539.031,14.5,539.031,15.56,539.031,16.39
539.256,13.5,539.256,14.56,539.256,14.39
539.48,6.5,539.48,12.56,539.48,8.39
539.704,13.5,539.704,14.56,539.704,15.39
539.928,11.5,539.928,11.56,539.928,9.39
540.153,12.5,540.153,11.56,540.153,11.39
540.377,10.5,540.377,14.56,540.377,11.39
540.601,9.5,540.601,13.56,540.601,13.39
540.825,10.5,540.825,14.56,540.825,7.39
541.049,14.5,541.049,12.56,541.049,11.39
541.274,15.5,541.274,11.56,541.274,14.39
541.498,12.5,541.498,11.56,541.498,11.39
541.722,14.5,541.722,10.56,541.722,11.39
541.946,10.5,541.946,13.56,541.946,14.39
542.17,3.5,542.17,9.56,542.17,20.39
542.395,12.5,542.395,14.56,542.395,9.39
542.619,10.5,542.619,9.56,542.619,12.39
542.843,11.5,542.843,12.56,542.843,12.39
543.067,15.5,543.067,13.56,543.067,12.39
543.291,14.5,543.291,13.56,543.291,10.39
543.515,9.5,543.515,12.56,543.515,13.39
543.739,13.5,543.739,15.56,543.739,15.39
543.963,13.5,543.963,17.56,543.963,15.39
544.188,14.5,544.188,11.56,544.188,14.39
544.412,15.5,544.412,13.56,544.412,11.39
544.636,11.5,544.636,17.56,544.636,13.39
544.86,16.5,544.86,13.56,544.86,13.39
545.084,12.5,545.084,14.56,545.084,11.39
545.308,13.5,545.308,15.56,545.308,16.39
545.532,13.5,545.532,11.56,545.532,13.39
545.756,12.5,545.756,11.56,545.756,14.39
545.98,15.5,545.98,14.56,545.98,18.39
546.204,14.5,546.204,12.56,546.204,16.39
546.428,14.5,546.428,17.56,546.428,11.39
546.652,12.5,546.652,17.56,546.652,11.39
546.876,11.5,546.876,13.56,546.876,14.39
547.1,15.5,547.1,14.56,547.1,15.39
547.324,16.5,547.324,18.56,547.324,15.39
547.548,16.5,547.548,19.56,547.548,21.39
547.773,13.5,547.773,15.56,547.773,13.39
547.997,14.5,547.997,17.56,547.997,15.39
548.221,16.5,548.221,17.56,548.221,11.39
548.445,16.5,548.445,15.56,548.445,16.39
548.668,13.5,548.668,15.56,548.668,18.39
548.892,16.5,548.892,11.56,548.892,20.39
549.116,12.5,549.116,12.56,549.116,17.39
549.34,15.5,549.34,11.56,549.34,10.39
549.564,12.5,549.564,14.56,549.564,13.39
549.788,12.5,549.788,12.56,549.788,16.39
550.012,15.5,550.012,15.56,550.012,17.39
550.236,14.5,550.236,17.56,550.236,21.39
550.46,16.5,550.46,11.56,550.46,13.39
550.684,12.5,550.684,11.56,550.684,13.39
550.908,10.5,550.908,13.56,550.908,14.39
551.132,8.5,551.132,11.56,551.132,11.39
551.356,15.5,551.356,11.56,551.356,9.39
551.58,10.5,551.58,10.56,551.58,10.39
551.804,9.5,551.804,13.56,551.804,9.39
552.028,11.5,552.028,8.56,552.028,11.39
552.251,12.5,552.251,15.56,552.251,14.39
552.475,11.5,552.475,15.56,552.475,15.39
552.699,8.5,552.699,13.56,552.699,17.39
552.923,12.5,552.923,10.56,552.923,13.39
553.147,14.5,553.147,14.56,553.147,16.39
553.371,9.5,553.371,15.56,553.371,13.39
553.595,10.5,553.595,15.56,553.595,12.39
553.818,9.5,553.818,13.56,553.818,11.39
554.042,17.5,554.042,11.56,554.042,13.39
554.266,13.5,554.266,12.56,554.266,12.39
554.49,10.5,554.49,17.56,554.49,13.39
554.714,8.5,554.714,10.56,554.714,15.39
554.938,8.5,554.938,14.56,554.938,13.39
555.161,12.5,555.161,8.56,555.161,12.39
555.385,12.5,555.385,13.56,555.385,9.39
555.609,16.5,555.609,15.56,555.609,12.39
555.833,15.5,555.833,13.56,555.833,14.39
556.057,9.5,556.057,11.56,556.057,10.39
556.28,24.5,556.28,28.56,556.28,30.39
556.504,12.5,556.504,8.56,556.504,13.39
556.728,11.5,556.728,8.56,556.728,13.39
556.952,11.5,556.952,11.56,556.952,12.39
557.175,30.5,557.175,28.56,557.175,28.39
557.399,13.5,557.399,9.56,557.399,17.39
557.623,14.5,557.623,12.56,557.623,9.39
557.847,12.5,557.847,9.56,557.847,12.39
558.07,11.5,558.07,15.56,558.07,14.39
558.294,10.5,558.294,8.56,558.294,12.39
558.518,8.5,558.518,12.56,558.518,14.39
558.741,8.5,558.741,10.56,558.741,12.39
558.965,10.5,558.965,11.56,558.965,10.39
559.189,10.5,559.189,13.56,559.189,7.39
559.412,11.5,559.412,17.56,559.412,14.39
559.636,10.5,559.636,17.56,559.636,12.39
559.86,12.5,559.86,11.56,559.86,10.39
560.083,14.5,560.083,11.56,560.083,12.39
560.307,11.5,560.307,12.56,560.307,11.39
560.531,13.5,560.531,13.56,560.531,14.39
560.754,12.5,560.754,12.56,560.754,9.39
560.978,13.5,560.978,15.56,560.978,15.39
561.202,7.5,561.202,13.56,561.202,11.39
561.425,10.5,561.425,11.56,561.425,16.39
561.649,8.5,561.649,11.56,561.649,16.39
561.873,10.5,561.873,11.56,561.873,10.39
562.096,7.5,562.096,14.56,562.096,14.39
562.32,14.5,562.32,14.56,562.32,17.39
562.543,12.5,562.543,12.56,562.543,12.39
562.767,12.5,562.767,12.56,562.767,13.39
562.99,10.5,562.99,9.56,562.99,13.39
563.214,13.5,563.214,11.56,563.214,10.39
563.438,11.5,563.438,13.56,563.438,12.39
563.661,8.5,563.661,15.56,563.661,11.39
563.885,12.5,563.885,13.56,563.885,11.39
564.108,10.5,564.108,12.56,564.108,14.39
564.332,11.5,564.332,14.56,564.332,7.39
564.555,8.5,564.555,8.56,564.555,11.39
564.779,18.5,564.779,13.56,564.779,11.39
565.002,12.5,565.002,13.56,565.002,14.39
565.226,11.5,565.226,13.56,565.226,9.39
565.449,8.5,565.449,15.56,565.449,11.39
565.673,7.5,565.673,9.56,565.673,14.39
565.896,10.5,565.896,13.56,565.896,12.39
566.12,9.5,566.12,14.56,566.12,11.39
566.343,11.5,566.343,12.56,566.343,10.39
566.567,12.5,566.567,16.56,566.567,8.39
566.79,11.5,566.79,14.56,566.79,5.39
567.014,13.5,567.014,15.56,567.014,15.39
567.237,14.5,567.237,11.56,567.237,12.39
567.461,8.5,567.461,15.56,567.461,13.39
567.684,8.5,567.684,15.56,567.684,9.39
567.908,14.5,567.908,8.56,567.908,13.39
568.131,12.5,568.131,13.56,568.131,12.39
568.354,11.5,568.354,8.56,568.354,13.39
568.578,9.5,568.578,11.56,568.578,11.39
568.801,8.5,568.801,16.56,568.801,13.39
569.025,13.5,569.025,14.56,569.025,9.39
569.248,13.5,569.248,12.56,569.248,12.39
569.471,8.5,569.471,12.56,569.471,5.39
569.695,14.5,569.695,12.56,569.695,9.39
569.918,11.5,569.918,9.56,569.918,11.39
570.142,15.5,570.142,18.56,570.142,19.39
570.365,17.5,570.365,19.56,570.365,14.39
570.588,13.5,570.588,12.56,570.588,8.39
570.812,14.5,570.812,14.56,570.812,9.39
571.035,12.5,571.035,12.56,571.035,14.39
571.258,13.5,571.258,11.56,571.258,11.39
571.482,13.5,571.482,14.56,571.482,14.39
571.705,9.5,571.705,14.56,571.705,11.39
571.928,8.5,571.928,11.56,571.928,10.39
572.152,9.5,572.152,11.56,572.152,13.39
572.375,10.5,572.375,13.56,572.375,9.39
572.598,11.5,572.598,13.56,572.598,11.39
572.821,16.5,572.821,16.56,572.821,20.39
573.045,15.5,573.045,15.56,573.045,14.39
573.268,11.5,573.268,17.56,573.268,13.39
573.491,14.5,573.491,18.56,573.491,17.39
573.715,11.5,573.715,11.56,573.715,13.39
573.938,11.5,573.938,15.56,573.938,15.39
574.161,12.5,574.161,12.56,574.161,12.39
574.384,17.5,574.384,13.56,574.384,17.39
574.607,12.5,574.607,14.56,574.607,16.39
574.831,15.5,574.831,19.56,574.831,14.39
575.054,10.5,575.054,15.56,575.054,13.39
575.277,12.5,575.277,9.56,575.277,17.39
575.5,11.5,575.5,17.56,575.5,12.39
575.724,17.5,575.724,29.56,575.724,21.39
575.947,12.5,575.947,14.56,575.947,12.39
576.17,10.5,576.17,14.56,576.17,14.39
576.393,12.5,576.393,11.56,576.393,16.39
576.616,13.5,576.616,13.56,576.616,10.39
576.839,7.5,576.839,17.56,576.839,15.39
577.063,13.5,577.063,16.56,577.063,9.39
577.286,15.5,577.286,13.56,577.286,13.39
577.509,15.5,577.509,18.56,577.509,15.39
577.732,20.5,577.732,17.56,577.732,15.39
577.955,16.5,577.955,14.56,577.955,12.39
578.178,18.5,578.178,17.56,578.178,17.39
578.401,11.5,578.401,19.56,578.401,14.39
578.625,9.5,578.625,15.56,578.625,14.39
578.848,14.5,578.848,17.56,578.848,16.39
579.071,12.5,579.071,15.56,579.071,13.39
579.294,13.5,579.294,13.56,579.294,11.39
579.517,40.5,579.517,39.56,579.517,38.39
579.74,13.5,579.74,11.56,579.74,10.39
579.963,13.5,579.963,14.56,579.963,16.39
580.186,14.5,580.186,18.56,580.186,17.39
580.409,18.5,580.409,21.56,580.409,14.39
580.632,16.5,580.632,15.56,580.632,18.39
580.855,8.5,580.855,12.56,580.855,9.39
581.078,12.5,581.078,14.56,581.078,13.39
581.301,16.5,581.301,13.56,581.301,19.39
581.524,15.5,581.524,12.56,581.524,15.39
581.747,8.5,581.747,18.56,581.747,14.39
581.97,16.5,581.97,18.56,581.97,14.39
582.193,14.5,582.193,15.56,582.193,19.39
582.416,16.5,582.416,17.56,582.416,17.39
582.639,10.5,582.639,13.56,582.639,17.39
582.862,5.5,582.862,14.56,582.862,13.39
583.085,16.5,583.085,14.56,583.085,19.39
583.308,12.5,583.308,14.56,583.308,15.39
583.531,13.5,583.531,15.56,583.531,16.39
583.754,16.5,583.754,15.56,583.754,19.39
583.977,17.5,583.977,18.56,583.977,12.39
584.2,16.5,584.2,15.56,584.2,19.39
584.423,10.5,584.423,15.56,584.423,18.39
584.646,11.5,584.646,19.56,584.646,16.39
584.869,17.5,584.869,21.56,584.869,19.39
585.092,21.5,585.092,21.56,585.092,20.39
585.315,16.5,585.315,19.56,585.315,18.39
585.538,15.5,585.538,14.56,585.538,13.39
585.76,16.5,585.76,25.56,585.76,21.39
585.983,28.5,585.983,27.56,585.983,31.39
586.206,20.5,586.206,24.56,586.206,24.39
586.429,14.5,586.429,15.56,586.429,19.39
586.652,18.5,586.652,26.56,586.652,22.39
586.875,15.5,586.875,17.56,586.875,20.39
587.098,9.5,587.098,13.56,587.098,15.39
587.321,16.5,587.321,20.56,587.321,17.39
587.543,15.5,587.543,12.56,587.543,11.39
587.766,18.5,587.766,19.56,587.766,21.39
587.989,17.5,587.989,18.56,587.989,17.39
588.212,16.5,588.212,14.56,588.212,19.39
588.435,18.5,588.435,20.56,588.435,22.39
588.657,13.5,588.657,19.56,588.657,16.39
588.88,11.5,588.88,12.56,588.88,16.39
589.103,11.5,589.103,17.56,589.103,9.39
589.326,12.5,589.326,15.56,589.326,15.39
589.549,11.5,589.549,20.56,589.549,15.39
589.771,10.5,589.771,17.56,589.771,18.39
589.994,14.5,589.994,16.56,589.994,15.39
590.217,11.5,590.217,14.56,590.217,19.39
590.44,8.5,590.44,12.56,590.44,8.39
590.662,14.5,590.662,15.56,590.662,15.39
590.885,10.5,590.885,17.56,590.885,18.39
591.108,18.5,591.108,18.56,591.108,14.39
591.33,14.5,591.33,16.56,591.33,17.39
591.553,11.5,591.553,16.56,591.553,16.39
591.776,18.5,591.776,17.56,591.776,21.39
591.999,9.5,591.999,19.56,591.999,19.39
592.221,13.5,592.221,15.56,592.221,12.39
592.444,12.5,592.444,13.56,592.444,15.39
592.667,15.5,592.667,16.56,592.667,20.39
592.889,12.5,592.889,13.56,592.889,13.39
593.112,16.5,593.112,18.56,593.112,23.39
593.335,18.5,593.335,19.56,593.335,20.39
593.557,19.5,593.557,19.56,593.557,23.39
593.78,20.5,593.78,23.56,593.78,18.39
594.003,15.5,594.003,23.56,594.003,17.39
594.225,14.5,594.225,18.56,594.225,13.39
594.448,12.5,594.448,11.56,594.448,12.39
594.67,14.5,594.67,14.56,594.67,17.39
594.893,13.5,594.893,16.56,594.893,13.39
595.116,10.5,595.116,9.56,595.116,11.39
595.338,14.5,595.338,9.56,595.338,14.39
595.561,19.5,595.561,13.56,595.561,10.39
595.783,12.5,595.783,14.56,595.783,13.39
596.006,10.5,596.006,13.56,596.006,17.39
596.228,15.5,596.228,11.56,596.228,15.39
596.451,13.5,596.451,19.56,596.451,12.39
596.674,16.5,596.674,17.56,596.674,15.39
596.896,13.5,596.896,9.56,596.896,13.39
597.119,12.5,597.119,11.56,597.119,13.39
597.341,16.5,597.341,20.56,597.341,12.39
597.564,14.5,597.564,15.56,597.564,12.39
597.786,14.5,597.786,18.56,597.786,13.39
598.009,19.5,598.009,21.56,598.009,20.39
598.231,13.5,598.231,23.56,598.231,16.39
598.454,15.5,598.454,13.56,598.454,17.39
598.676,15.5,598.676,26.56,598.676,21.39
598.899,14.5,598.899,18.56,598.899,16.39
599.121,16.5,599.121,19.56,599.121,14.39
599.344,20.5,599.344,18.56,599.344,21.39
599.566,14.5,599.566,14.56,599.566,15.39
599.788,14.5,599.788,15.56,599.788,18.39
600.011,15.5,600.011,15.56,600.011,15.39
600.233,14.5,600.233,14.56,600.233,14.39
600.456,16.5,600.456,11.56,600.456,15.39
600.678,14.5,600.678,15.56,600.678,14.39
600.901,14.5,600.901,15.56,600.901,19.39
601.123,14.5,601.123,15.56,601.123,17.39
601.345,13.5,601.345,19.56,601.345,9.39
601.568,19.5,601.568,18.56,601.568,21.39
601.79,18.5,601.79,19.56,601.79,18.39
602.012,14.5,602.012,16.56,602.012,13.39
602.235,14.5,602.235,16.56,602.235,19.39
602.457,15.5,602.457,21.56,602.457,17.39
602.68,12.5,602.68,18.56,602.68,13.39
602.902,11.5,602.902,13.56,602.902,13.39
603.124,20.5,603.124,23.56,603.124,19.39
603.347,14.5,603.347,17.56,603.347,15.39
603.569,14.5,603.569,18.56,603.569,13.39
603.791,11.5,603.791,17.56,603.791,13.39
604.013,14.5,604.013,13.56,604.013,16.39
604.236,12.5,604.236,16.56,604.236,15.39
604.458,14.5,604.458,13.56,604.458,12.39
604.68,14.5,604.68,17.56,604.68,16.39
604.903,12.5,604.903,16.56,604.903,16.39
605.125,10.5,605.125,16.56,605.125,17.39
605.347,17.5,605.347,13.56,605.347,18.39
605.569,17.5,605.569,19.56,605.569,17.39
605.792,12.5,605.792,18.56,605.792,22.39
606.014,10.5,606.014,13.56,606.014,13.39
606.236,10.5,606.236,14.56,606.236,14.39
606.458,16.5,606.458,13.56,606.458,13.39
606.681,10.5,606.681,15.56,606.681,17.39
606.903,11.5,606.903,17.56,606.903,16.39
607.125,18.5,607.125,24.56,607.125,18.39
607.347,15.5,607.347,19.56,607.347,15.39
607.569,18.5,607.569,13.56,607.569,15.39
607.792,28.5,607.792,23.56,607.792,20.39
608.014,17.5,608.014,20.56,608.014,19.39
608.236,29.5,608.236,31.56,608.236,33.39
608.458,26.5,608.458,23.56,608.458,21.39
608.68,14.5,608.68,18.56,608.68,14.39
608.902,13.5,608.902,10.56,608.902,15.39
609.125,16.5,609.125,17.56,609.125,15.39
609.347,14.5,609.347,16.56,609.347,10.39
609.569,12.5,609.569,12.56,609.569,11.39
609.791,17.5,609.791,11.56,609.791,11.39
610.013,12.5,610.013,13.56,610.013,13.39
610.235,14.5,610.235,14.56,610.235,13.39
610.457,13.5,610.457,17.56,610.457,18.39
610.679,13.5,610.679,14.56,610.679,21.39
610.901,16.5,610.901,15.56,610.901,17.39
611.123,11.5,611.123,14.56,611.123,14.39
611.345,11.5,611.345,16.56,611.345,12.39
611.568,15.5,611.568,20.56,611.568,16.39
611.79,18.5,611.79,17.56,611.79,16.39
612.012,20.5,612.012,16.56,612.012,19.39
612.234,16.5,612.234,17.56,612.234,16.39
612.456,16.5,612.456,17.56,612.456,15.39
612.678,21.5,612.678,21.56,612.678,19.39
612.9,11.5,612.9,15.56,612.9,13.39
613.122,12.5,613.122,18.56,613.122,11.39
613.344,12.5,613.344,24.56,613.344,16.39
613.566,16.5,613.566,16.56,613.566,18.39
613.788,14.5,613.788,14.56,613.788,10.39
614.01,14.5,614.01,17.56,614.01,16.39
614.232,17.5,614.232,19.56,614.232,20.39
614.454,16.5,614.454,17.56,614.454,13.39
614.676,14.5,614.676,18.56,614.676,13.39
614.897,9.5,614.897,15.56,614.897,13.39
615.119,13.5,615.119,14.56,615.119,13.39
615.341,13.5,615.341,13.56,615.341,14.39
615.563,10.5,615.563,13.56,615.563,17.39
615.785,10.5,615.785,15.56,615.785,14.39
616.007,15.5,616.007,15.56,616.007,14.39
616.229,13.5,616.229,16.56,616.229,23.39
616.451,19.5,616.451,18.56,616.451,20.39
616.673,21.5,616.673,20.56,616.673,21.39
616.895,19.5,616.895,21.56,616.895,20.39
617.116,18.5,617.116,21.56,617.116,20.39
617.338,19.5,617.338,25.56,617.338,25.39
617.56,15.5,617.56,21.56,617.56,20.39
617.782,15.5,617.782,18.56,617.782,19.39
618.004,22.5,618.004,22.56,618.004,21.39
618.226,25.5,618.226,19.56,618.226,19.39
618.448,22.5,618.448,21.56,618.448,23.39
618.669,28.5,618.669,28.56,618.669,31.39
618.891,33.5,618.891,25.56,618.891,36.39
619.113,30.5,619.113,25.56,619.113,26.39
619.335,27.5,619.335,23.56,619.335,26.39
619.557,20.5,619.557,23.56,619.557,19.39
619.778,26.5,619.778,22.56,619.778,21.39
620,20.5,620,17.56,620,16.39
620.222,18.5,620.222,19.56,620.222,22.39
620.444,14.5,620.444,15.56,620.444,18.39
620.665,15.5,620.665,18.56,620.665,19.39
620.887,24.5,620.887,27.56,620.887,20.39
621.109,21.5,621.109,18.56,621.109,29.39
621.331,27.5,621.331,29.56,621.331,23.39
621.552,25.5,621.552,27.56,621.552,30.39
621.774,27.5,621.774,23.56,621.774,26.39
621.996,25.5,621.996,23.56,621.996,23.39
622.217,27.5,622.217,23.56,622.217,21.39
622.439,29.5,622.439,34.56,622.439,27.39
622.661,29.5,622.661,29.56,622.661,27.39
622.882,25.5,622.882,23.56,622.882,27.39
623.104,26.5,623.104,22.56,623.104,21.39
623.326,39.5,623.326,41.56,623.326,32.39
623.547,43.5,623.547,36.56,623.547,29.39
623.769,33.5,623.769,34.56,623.769,31.39
623.991,31.5,623.991,28.56,623.991,29.39
624.212,25.5,624.212,19.56,624.212,23.39
624.434,23.5,624.434,23.56,624.434,25.39
624.655,26.5,624.655,26.56,624.655,30.39
624.877,25.5,624.877,27.56,624.877,22.39
625.099,28.5,625.099,27.56,625.099,26.39
625.32,29.5,625.32,30.56,625.32,27.39
625.542,24.5,625.542,25.56,625.542,21.39
625.763,28.5,625.763,23.56,625.763,27.39
625.985,28.5,625.985,19.56,625.985,21.39
626.206,25.5,626.206,15.56,626.206,23.39
626.428,21.5,626.428,24.56,626.428,25.39
626.65,24.5,626.65,26.56,626.65,24.39
626.871,26.5,626.871,20.56,626.871,23.39
627.093,22.5,627.093,19.56,627.093,17.39
627.314,24.5,627.314,23.56,627.314,17.39
627.536,175.5,627.536,188.56,627.536,187.39
627.757,22.5,627.757,18.56,627.757,21.39
627.979,20.5,627.979,16.56,627.979,21.39
628.2,22.5,628.2,18.56,628.2,21.39
628.422,24.5,628.422,20.56,628.422,20.39
628.643,16.5,628.643,22.56,628.643,17.39
628.865,23.5,628.865,19.56,628.865,21.39
629.086,22.5,629.086,27.56,629.086,27.39
629.307,29.5,629.307,25.56,629.307,23.39
629.529,21.5,629.529,19.56,629.529,16.39
629.75,18.5,629.75,19.56,629.75,16.39
629.972,22.5,629.972,18.56,629.972,18.39
630.193,19.5,630.193,20.56,630.193,21.39
630.415,27.5,630.415,23.56,630.415,24.39
630.636,15.5,630.636,13.56,630.636,18.39
630.857,16.5,630.857,12.56,630.857,19.39
631.079,15.5,631.079,17.56,631.079,16.39
631.3,14.5,631.3,15.56,631.3,17.39
631.521,22.5,631.521,17.56,631.521,25.39
631.743,16.5,631.743,17.56,631.743,19.39
631.964,18.5,631.964,17.56,631.964,15.39
632.186,16.5,632.186,19.56,632.186,15.39
632.407,17.5,632.407,19.56,632.407,19.39
632.628,16.5,632.628,17.56,632.628,14.39
632.849,19.5,632.849,20.56,632.849,22.39
633.071,16.5,633.071,18.56,633.071,18.39
633.292,18.5,633.292,20.56,633.292,23.39
633.513,18.5,633.513,18.56,633.513,19.39
633.735,12.5,633.735,16.56,633.735,16.39
633.956,14.5,633.956,15.56,633.956,13.39
634.177,17.5,634.177,15.56,634.177,17.39
634.399,21.5,634.399,20.56,634.399,13.39
634.62,21.5,634.62,21.56,634.62,12.39
634.841,18.5,634.841,19.56,634.841,19.39
635.062,17.5,635.062,19.56,635.062,18.39
635.284,15.5,635.284,13.56,635.284,21.39
635.505,21.5,635.505,14.56,635.505,21.39
635.726,19.5,635.726,19.56,635.726,19.39
635.947,20.5,635.947,17.56,635.947,23.39
636.168,14.5,636.168,13.56,636.168,20.39
636.39,14.5,636.39,18.56,636.39,19.39
636.611,18.5,636.611,12.56,636.611,19.39
636.832,14.5,636.832,16.56,636.832,12.39
637.053,23.5,637.053,13.56,637.053,18.39
637.274,15.5,637.274,16.56,637.274,17.39
637.495,18.5,637.495,26.56,637.495,21.39
637.717,17.5,637.717,17.56,637.717,15.39
637.938,18.5,637.938,12.56,637.938,16.39
638.159,14.5,638.159,17.56,638.159,13.39
638.38,11.5,638.38,16.56,638.38,13.39
638.601,20.5,638.601,21.56,638.601,21.39
638.822,14.5,638.822,22.56,638.822,23.39
639.043,15.5,639.043,19.56,639.043,12.39
639.264,15.5,639.264,13.56,639.264,11.39
639.485,14.5,639.485,15.56,639.485,13.39
639.707,11.5,639.707,11.56,639.707,16.39
639.928,8.5,639.928,13.56,639.928,18.39
640.149,10.5,640.149,14.56,640.149,15.39
640.37,14.5,640.37,17.56,640.37,16.39
640.591,16.5,640.591,15.56,640.591,23.39
640.812,16.5,640.812,17.56,640.812,23.39
641.033,12.5,641.033,13.56,641.033,12.39
641.254,12.5,641.254,14.56,641.254,12.39
641.475,10.5,641.475,16.56,641.475,11.39
641.696,16.5,641.696,13.56,641.696,13.39
641.917,12.5,641.917,17.56,641.917,18.39
642.138,14.5,642.138,13.56,642.138,20.39
642.359,16.5,642.359,16.56,642.359,14.39
642.58,13.5,642.58,15.56,642.58,12.39
642.801,13.5,642.801,16.56,642.801,15.39
643.022,10.5,643.022,15.56,643.022,18.39
643.243,11.5,643.243,10.56,643.243,15.39
643.464,17.5,643.464,13.56,643.464,10.39
643.684,13.5,643.684,17.56,643.684,15.39
643.905,13.5,643.905,16.56,643.905,16.39
644.126,10.5,644.126,19.56,644.126,13.39
644.347,12.5,644.347,11.56,644.347,15.39
644.568,16.5,644.568,17.56,644.568,16.39
644.789,15.5,644.789,14.56,644.789,16.39
645.01,19.5,645.01,15.56,645.01,14.39
645.231,9.5,645.231,13.56,645.231,19.39
645.452,14.5,645.452,15.56,645.452,15.39
645.672,13.5,645.672,18.56,645.672,13.39
645.893,14.5,645.893,17.56,645.893,16.39
646.114,14.5,646.114,11.56,646.114,15.39
646.335,14.5,646.335,10.56,646.335,15.39
646.556,18.5,646.556,12.56,646.556,16.39
646.777,16.5,646.777,14.56,646.777,11.39
646.997,10.5,646.997,13.56,646.997,17.39
647.218,18.5,647.218,15.56,647.218,14.39
647.439,10.5,647.439,15.56,647.439,14.39
647.66,12.5,647.66,14.56,647.66,11.39
647.881,16.5,647.881,16.56,647.881,13.39
648.101,14.5,648.101,14.56,648.101,16.39
648.322,16.5,648.322,12.56,648.322,10.39
648.543,13.5,648.543,15.56,648.543,14.39
648.764,14.5,648.764,13.56,648.764,15.39
648.984,12.5,648.984,13.56,648.984,9.39
649.205,13.5,649.205,13.56,649.205,12.39
649.426,14.5,649.426,10.56,649.426,11.39
649.647,13.5,649.647,12.56,649.647,11.39
649.867,13.5,649.867,15.56,649.867,13.39
650.088,14.5,650.088,14.56,650.088,13.39
650.309,15.5,650.309,15.56,650.309,13.39
650.529,9.5,650.529,13.56,650.529,13.39
650.75,12.5,650.75,14.56,650.75,15.39
650.971,11.5,650.971,11.56,650.971,11.39
651.191,14.5,651.191,8.56,651.191,14.39
651.412,12.5,651.412,14.56,651.412,15.39
651.633,9.5,651.633,11.56,651.633,18.39
651.853,10.5,651.853,13.56,651.853,14.39
652.074,13.5,652.074,11.56,652.074,15.39
652.294,10.5,652.294,12.56,652.294,14.39
652.515,12.5,652.515,14.56,652.515,14.39
652.736,14.5,652.736,16.56,652.736,13.39
652.956,11.5,652.956,17.56,652.956,13.39
653.177,9.5,653.177,15.56,653.177,13.39
653.397,14.5,653.397,12.56,653.397,10.39
653.618,21.5,653.618,23.56,653.618,24.39
653.838,13.5,653.838,11.56,653.838,16.39
654.059,12.5,654.059,14.56,654.059,11.39
654.28,17.5,654.28,17.56,654.28,12.39
654.5,11.5,654.5,11.56,654.5,13.39
654.721,12.5,654.721,14.56,654.721,9.39
654.941,10.5,654.941,17.56,654.941,13.39
655.162,12.5,655.162,12.56,655.162,10.39
655.382,11.5,655.382,12.56,655.382,16.39
655.603,14.5,655.603,16.56,655.603,17.39
655.823,15.5,655.823,17.56,655.823,8.39
656.044,16.5,656.044,15.56,656.044,13.39
656.264,20.5,656.264,13.56,656.264,17.39
656.484,14.5,656.484,13.56,656.484,13.39
656.705,14.5,656.705,16.56,656.705,18.39
656.925,14.5,656.925,13.56,656.925,12.39
657.146,13.5,657.146,11.56,657.146,13.39
657.366,13.5,657.366,11.56,657.366,13.39
657.587,20.5,657.587,19.56,657.587,18.39
657.807,14.5,657.807,14.56,657.807,11.39
658.027,13.5,658.027,11.56,658.027,13.39
658.248,13.5,658.248,11.56,658.248,15.39
658.468,17.5,658.468,11.56,658.468,17.39
658.689,16.5,658.689,20.56,658.689,13.39
658.909,10.5,658.909,17.56,658.909,21.39
659.129,16.5,659.129,14.56,659.129,15.39
659.35,13.5,659.35,17.56,659.35,17.39
659.57,18.5,659.57,12.56,659.57,11.39
659.79,16.5,659.79,15.56,659.79,16.39
660.011,12.5,660.011,19.56,660.011,16.39
660.231,18.5,660.231,19.56,660.231,16.39
660.451,16.5,660.451,18.56,660.451,18.39
660.671,19.5,660.671,20.56,660.671,18.39
660.892,21.5,660.892,18.56,660.892,23.39
661.112,26.5,661.112,27.56,661.112,27.39
661.332,35.5,661.332,36.56,661.332,38.39
661.553,46.5,661.553,41.56,661.553,40.39
661.773,56.5,661.773,48.56,661.773,53.39
661.993,85.5,661.993,82.56,661.993,77.39
662.213,233.5,662.213,224.56,662.213,234.39
662.434,3822.5,662.434,3826.56,662.434,3826.39
662.654,3929.5,662.654,3928.56,662.654,3930.39
662.874,3925.5,662.874,3922.56,662.874,3928.39
663.094,3929.5,663.094,3932.56,663.094,3927.39
663.314,2197.5,663.314,1787.56,663.314,2078.39
663.535,230.5,663.535,206.56,663.535,220.39
663.755,102.5,663.755,105.56,663.755,103.39
663.975,64.5,663.975,67.56,663.975,70.39
664.195,46.5,664.195,43.56,664.195,44.39
664.415,39.5,664.415,33.56,664.415,34.39
664.635,31.5,664.635,30.56,664.635,26.39
664.856,28.5,664.856,21.56,664.856,23.39
665.076,23.5,665.076,26.56,665.076,26.39
665.296,17.5,665.296,23.56,665.296,18.39
665.516,22.5,665.516,24.56,665.516,24.39
665.736,20.5,665.736,15.56,665.736,20.39
665.956,20.5,665.956,19.56,665.956,15.39
666.176,15.5,666.176,15.56,666.176,14.39
666.396,15.5,666.396,14.56,666.396,10.39
666.616,8.5,666.616,9.56,666.616,16.39
666.836,14.5,666.836,12.56,666.836,20.39
667.056,10.5,667.056,16.56,667.056,17.39
667.276,17.5,667.276,12.56,667.276,9.39
667.496,16.5,667.496,20.56,667.496,18.39
667.716,12.5,667.716,18.56,667.716,13.39
667.936,16.5,667.936,14.56,667.936,21.39
668.157,13.5,668.157,13.56,668.157,15.39
668.377,13.5,668.377,11.56,668.377,14.39
668.596,11.5,668.596,12.56,668.596,14.39
668.816,13.5,668.816,16.56,668.816,11.39
669.036,11.5,669.036,16.56,669.036,16.39
669.256,13.5,669.256,11.56,669.256,13.39
669.476,11.5,669.476,18.56,669.476,10.39
669.696,14.5,669.696,13.56,669.696,13.39
669.916,11.5,669.916,15.56,669.916,13.39
670.136,20.5,670.136,15.56,670.136,20.39
670.356,10.5,670.356,11.56,670.356,14.39
670.576,8.5,670.576,11.56,670.576,13.39
670.796,6.5,670.796,13.56,670.796,12.39
671.016,10.5,671.016,17.56,671.016,16.39
671.236,16.5,671.236,17.56,671.236,11.39
671.456,9.5,671.456,11.56,671.456,10.39
671.675,8.5,671.675,7.56,671.675,14.39
671.895,7.5,671.895,13.56,671.895,8.39
672.115,13.5,672.115,12.56,672.115,12.39
672.335,9.5,672.335,14.56,672.335,13.39
672.555,10.5,672.555,17.56,672.555,13.39
672.775,10.5,672.775,16.56,672.775,11.39
672.994,11.5,672.994,9.56,672.994,11.39
673.214,13.5,673.214,11.56,673.214,11.39
673.434,13.5,673.434,11.56,673.434,11.39
673.654,6.5,673.654,11.56,673.654,14.39
673.874,8.5,673.874,11.56,673.874,9.39
674.093,11.5,674.093,11.56,674.093,9.39
674.313,12.5,674.313,13.56,674.313,12.39
674.533,14.5,674.533,14.56,674.533,13.39
674.753,15.5,674.753,9.56,674.753,17.39
674.972,10.5,674.972,10.56,674.972,8.39
675.192,9.5,675.192,14.56,675.192,14.39
675.412,14.5,675.412,12.56,675.412,15.39
675.632,12.5,675.632,14.56,675.632,9.39
675.851,11.5,675.851,5.56,675.851,17.39
676.071,10.5,676.071,13.56,676.071,13.39
676.291,12.5,676.291,10.56,676.291,13.39
676.51,11.5,676.51,13.56,676.51,11.39
676.73,11.5,676.73,12.56,676.73,11.39
676.95,15.5,676.95,15.56,676.95,14.39
677.169,10.5,677.169,15.56,677.169,14.39
677.389,12.5,677.389,10.56,677.389,11.39
677.609,9.5,677.609,13.56,677.609,10.39
677.828,10.5,677.828,16.56,677.828,15.39
678.048,8.5,678.048,8.56,678.048,12.39
678.268,13.5,678.268,10.56,678.268,13.39
678.487,14.5,678.487,14.56,678.487,13.39
678.707,15.5,678.707,12.56,678.707,13.39
678.926,14.5,678.926,11.56,678.926,9.39
679.146,11.5,679.146,14.56,679.146,9.39
679.365,8.5,679.365,11.56,679.365,14.39
679.585,10.5,679.585,16.56,679.585,11.39
679.805,11.5,679.805,13.56,679.805,11.39
680.024,12.5,680.024,11.56,680.024,10.39
680.244,12.5,680.244,9.56,680.244,15.39
680.463,14.5,680.463,12.56,680.463,12.39
680.683,14.5,680.683,11.56,680.683,15.39
680.902,9.5,680.902,13.56,680.902,13.39
681.122,11.5,681.122,11.56,681.122,14.39
681.341,11.5,681.341,13.56,681.341,15.39
681.561,10.5,681.561,8.56,681.561,11.39
681.78,8.5,681.78,13.56,681.78,10.39
682,6.5,682,8.56,682,10.39
682.219,10.5,682.219,15.56,682.219,10.39
682.438,12.5,682.438,14.56,682.438,12.39
682.658,8.5,682.658,11.56,682.658,14.39
682.877,10.5,682.877,9.56,682.877,9.39
683.097,12.5,683.097,13.56,683.097,16.39
683.316,11.5,683.316,12.56,683.316,14.39
683.536,10.5,683.536,10.56,683.536,9.39
683.755,14.5,683.755,11.56,683.755,10.39
683.974,12.5,683.974,14.56,683.974,12.39
684.194,8.5,684.194,9.56,684.194,15.39
684.413,9.5,684.413,10.56,684.413,12.39
684.632,10.5,684.632,7.56,684.632,9.39
684.852,7.5,684.852,12.56,684.852,11.39
685.071,9.5,685.071,14.56,685.071,11.39
685.29,5.5,685.29,12.56,685.29,10.39
685.51,8.5,685.51,16.56,685.51,14.39
685.729,9.5,685.729,10.56,685.729,9.39
685.948,10.5,685.948,12.56,685.948,9.39
686.168,8.5,686.168,11.56,686.168,9.39
686.387,10.5,686.387,10.56,686.387,14.39
686.606,14.5,686.606,12.56,686.606,11.39
686.825,4.5,686.825,10.56,686.825,7.39
687.045,6.5,687.045,13.56,687.045,17.39
687.264,7.5,687.264,13.56,687.264,7.39
687.483,15.5,687.483,13.56,687.483,12.39
687.702,13.5,687.702,13.56,687.702,9.39
687.922,8.5,687.922,10.56,687.922,11.39
688.141,8.5,688.141,12.56,688.141,13.39
688.36,13.5,688.36,10.56,688.36,10.39
688.579,12.5,688.579,14.56,688.579,13.39
688.798,12.5,688.798,12.56,688.798,14.39
689.018,12.5,689.018,12.56,689.018,8.39
689.237,17.5,689.237,17.56,689.237,14.39
689.456,10.5,689.456,13.56,689.456,13.39
689.675,11.5,689.675,11.56,689.675,10.39
689.894,8.5,689.894,13.56,689.894,11.39
690.113,8.5,690.113,13.56,690.113,10.39
690.332,11.5,690.332,14.56,690.332,7.39
690.552,11.5,690.552,7.56,690.552,9.39
690.771,10.5,690.771,10.56,690.771,10.39
690.99,9.5,690.99,13.56,690.99,12.39
691.209,6.5,691.209,12.56,691.209,10.39
691.428,14.5,691.428,13.56,691.428,13.39
691.647,14.5,691.647,13.56,691.647,9.39
691.866,8.5,691.866,6.56,691.866,12.39
692.085,11.5,692.085,13.56,692.085,11.39
692.304,6.5,692.304,12.56,692.304,14.39
692.523,10.5,692.523,13.56,692.523,8.39
692.742,10.5,692.742,11.56,692.742,10.39
692.961,15.5,692.961,13.56,692.961,11.39
693.18,8.5,693.18,9.56,693.18,10.39
693.399,7.5,693.399,14.56,693.399,9.39
693.618,10.5,693.618,13.56,693.618,10.39
693.837,15.5,693.837,13.56,693.837,6.39
694.056,10.5,694.056,13.56,694.056,9.39
694.275,10.5,694.275,12.56,694.275,12.39
694.494,10.5,694.494,11.56,694.494,10.39
694.713,12.5,694.713,13.56,694.713,10.39
694.932,13.5,694.932,13.56,694.932,15.39
695.151,7.5,695.151,12.56,695.151,11.39
695.37,11.5,695.37,13.56,695.37,9.39
695.589,10.5,695.589,8.56,695.589,10.39
695.808,10.5,695.808,9.56,695.808,10.39
696.026,9.5,696.026,11.56,696.026,8.39
696.245,13.5,696.245,13.56,696.245,12.39
696.464,9.5,696.464,12.56,696.464,10.39
696.683,12.5,696.683,11.56,696.683,11.39
696.902,10.5,696.902,11.56,696.902,10.39
697.121,14.5,697.121,9.56,697.121,13.39
697.34,10.5,697.34,5.56,697.34,13.39
697.558,8.5,697.558,11.56,697.558,14.39
697.777,6.5,697.777,11.56,697.777,9.39
697.996,10.5,697.996,14.56,697.996,15.39
698.215,31.5,698.215,18.56,698.215,19.39
698.434,10.5,698.434,8.56,698.434,13.39
698.652,11.5,698.652,9.56,698.652,14.39
698.871,8.5,698.871,15.56,698.871,11.39
699.09,12.5,699.09,9.56,699.09,12.39
699.309,9.5,699.309,8.56,699.309,8.39
699.527,13.5,699.527,11.56,699.527,11.39
699.746,10.5,699.746,11.56,699.746,12.39
699.965,6.5,699.965,17.56,699.965,13.39
700.184,14.5,700.184,17.56,700.184,14.39
700.402,10.5,700.402,8.56,700.402,9.39
700.621,6.5,700.621,11.56,700.621,7.39
700.84,7.5,700.84,11.56,700.84,11.39
701.058,12.5,701.058,9.56,701.058,11.39
701.277,8.5,701.277,9.56,701.277,13.39
701.496,11.5,701.496,15.56,701.496,11.39
701.714,14.5,701.714,13.56,701.714,12.39
701.933,10.5,701.933,11.56,701.933,7.39
702.152,9.5,702.152,7.56,702.152,10.39
702.37,10.5,702.37,11.56,702.37,14.39
702.589,7.5,702.589,15.56,702.589,14.39
702.807,9.5,702.807,13.56,702.807,13.39
703.026,11.5,703.026,12.56,703.026,10.39
703.245,14.5,703.245,16.56,703.245,11.39
703.463,11.5,703.463,11.56,703.463,11.39
703.682,7.5,703.682,12.56,703.682,7.39
703.9,10.5,703.9,14.56,703.9,13.39
704.119,6.5,704.119,14.56,704.119,9.39
704.337,14.5,704.337,9.56,704.337,9.39
704.556,15.5,704.556,13.56,704.556,11.39
704.774,11.5,704.774,13.56,704.774,11.39
704.993,9.5,704.993,11.56,704.993,10.39
705.212,12.5,705.212,16.56,705.212,16.39
705.43,6.5,705.43,14.56,705.43,7.39
705.648,10.5,705.648,11.56,705.648,9.39
705.867,8.5,705.867,13.56,705.867,9.39
706.085,12.5,706.085,12.56,706.085,12.39
706.304,10.5,706.304,12.56,706.304,10.39
706.522,10.5,706.522,11.56,706.522,7.39
706.741,12.5,706.741,15.56,706.741,10.39
706.959,15.5,706.959,18.56,706.959,14.39
707.178,10.5,707.178,14.56,707.178,11.39
707.396,8.5,707.396,9.56,707.396,15.39
707.614,13.5,707.614,14.56,707.614,11.39
707.833,10.5,707.833,13.56,707.833,10.39
708.051,12.5,708.051,7.56,708.051,9.39
708.27,8.5,708.27,10.56,708.27,13.39
708.488,8.5,708.488,9.56,708.488,10.39
708.706,13.5,708.706,14.56,708.706,15.39
708.925,9.5,708.925,13.56,708.925,13.39
709.143,12.5,709.143,13.56,709.143,14.39
709.361,6.5,709.361,9.56,709.361,10.39
709.58,16.5,709.58,19.56,709.58,12.39
709.798,12.5,709.798,15.56,709.798,13.39
710.016,14.5,710.016,14.56,710.016,13.39
710.234,16.5,710.234,12.56,710.234,18.39
710.453,9.5,710.453,13.56,710.453,11.39
710.671,5.5,710.671,9.56,710.671,15.39
710.889,6.5,710.889,8.56,710.889,11.39
711.108,14.5,711.108,16.56,711.108,9.39
711.326,12.5,711.326,10.56,711.326,11.39
711.544,14.5,711.544,12.56,711.544,12.39
711.762,10.5,711.762,10.56,711.762,9.39
711.98,10.5,711.98,10.56,711.98,9.39
712.199,10.5,712.199,14.56,712.199,15.39
712.417,13.5,712.417,9.56,712.417,12.39
712.635,12.5,712.635,12.56,712.635,14.39
712.853,8.5,712.853,11.56,712.853,13.39
713.071,9.5,713.071,13.56,713.071,11.39
713.29,10.5,713.29,12.56,713.29,8.39
713.508,8.5,713.508,7.56,713.508,11.39
713.726,16.5,713.726,12.56,713.726,13.39
713.944,12.5,713.944,6.56,713.944,8.39
714.162,10.5,714.162,11.56,714.162,9.39
714.38,16.5,714.38,15.56,714.38,9.39
714.598,18.5,714.598,16.56,714.598,17.39
714.816,11.5,714.816,8.56,714.816,9.39
715.034,12.5,715.034,13.56,715.034,12.39
715.253,8.5,715.253,11.56,715.253,12.39
715.471,12.5,715.471,10.56,715.471,10.39
715.689,8.5,715.689,12.56,715.689,12.39
715.907,7.5,715.907,12.56,715.907,11.39
716.125,13.5,716.125,10.56,716.125,15.39
716.343,12.5,716.343,14.56,716.343,16.39
716.561,12.5,716.561,7.56,716.561,11.39
716.779,9.5,716.779,10.56,716.779,11.39
716.997,12.5,716.997,9.56,716.997,12.39
717.215,11.5,717.215,8.56,717.215,14.39
717.433,16.5,717.433,17.56,717.433,18.39
717.651,10.5,717.651,11.56,717.651,12.39
717.869,9.5,717.869,10.56,717.869,11.39
718.087,15.5,718.087,11.56,718.087,15.39
718.305,8.5,718.305,11.56,718.305,14.39
718.522,12.5,718.522,11.56,718.522,9.39
718.74,9.5,718.74,15.56,718.74,15.39
718.958,14.5,718.958,15.56,718.958,11.39
719.176,10.5,719.176,9.56,719.176,10.39
719.394,15.5,719.394,16.56,719.394,14.39
719.612,10.5,719.612,17.56,719.612,13.39
719.83,9.5,719.83,9.56,719.83,12.39
720.048,12.5,720.048,9.56,720.048,15.39
720.266,7.5,720.266,11.56,720.266,19.39
720.483,7.5,720.483,9.56,720.483,11.39
720.701,6.5,720.701,16.56,720.701,13.39
720.919,10.5,720.919,15.56,720.919,13.39
721.137,10.5,721.137,13.56,721.137,12.39
721.355,13.5,721.355,16.56,721.355,16.39
721.572,10.5,721.572,11.56,721.572,10.39
721.79,13.5,721.79,9.56,721.79,11.39
722.008,9.5,722.008,10.56,722.008,11.39
722.226,9.5,722.226,9.56,722.226,9.39
722.444,14.5,722.444,9.56,722.444,15.39
722.661,7.5,722.661,11.56,722.661,12.39
722.879,10.5,722.879,10.56,722.879,12.39
723.097,8.5,723.097,11.56,723.097,13.39
723.314,14.5,723.314,13.56,723.314,11.39
723.532,10.5,723.532,15.56,723.532,9.39
723.75,8.5,723.75,14.56,723.75,14.39
723.968,10.5,723.968,11.56,723.968,12.39
724.185,10.5,724.185,11.56,724.185,11.39
724.403,10.5,724.403,11.56,724.403,9.39
724.621,14.5,724.621,16.56,724.621,14.39
724.838,15.5,724.838,14.56,724.838,11.39
725.056,11.5,725.056,14.56,725.056,14.39
725.273,9.5,725.273,9.56,725.273,8.39
725.491,6.5,725.491,11.56,725.491,8.39
725.709,12.5,725.709,10.56,725.709,8.39
725.926,10.5,725.926,10.56,725.926,11.39
726.144,12.5,726.144,10.56,726.144,13.39
726.361,9.5,726.361,9.56,726.361,10.39
726.579,22.5,726.579,21.56,726.579,19.39
726.797,10.5,726.797,13.56,726.797,15.39
727.014,10.5,727.014,13.56,727.014,14.39
727.232,8.5,727.232,7.56,727.232,15.39
727.449,10.5,727.449,10.56,727.449,11.39
727.667,12.5,727.667,11.56,727.667,9.39
727.884,10.5,727.884,7.56,727.884,12.39
728.102,10.5,728.102,12.56,728.102,12.39
728.319,11.5,728.319,10.56,728.319,9.39
728.537,11.5,728.537,16.56,728.537,10.39
728.754,6.5,728.754,12.56,728.754,13.39
728.972,11.5,728.972,10.56,728.972,15.39
729.189,14.5,729.189,14.56,729.189,13.39
729.407,9.5,729.407,13.56,729.407,10.39
729.624,17.5,729.624,15.56,729.624,11.39
729.841,12.5,729.841,10.56,729.841,13.39
730.059,10.5,730.059,11.56,730.059,14.39
730.276,9.5,730.276,11.56,730.276,15.39
730.494,12.5,730.494,11.56,730.494,11.39
730.711,12.5,730.711,12.56,730.711,15.39
730.928,8.5,730.928,11.56,730.928,9.39
731.146,15.5,731.146,11.56,731.146,11.39
731.363,10.5,731.363,13.56,731.363,13.39
731.581,10.5,731.581,11.56,731.581,16.39
731.798,9.5,731.798,9.56,731.798,10.39
732.015,8.5,732.015,11.56,732.015,12.39
732.233,14.5,732.233,10.56,732.233,13.39
732.45,10.5,732.45,12.56,732.45,12.39
732.667,10.5,732.667,11.56,732.667,7.39
732.884,8.5,732.884,9.56,732.884,9.39
733.102,7.5,733.102,10.56,733.102,6.39
733.319,10.5,733.319,13.56,733.319,12.39
733.536,10.5,733.536,11.56,733.536,11.39
733.753,10.5,733.753,9.56,733.753,14.39
733.971,9.5,733.971,12.56,733.971,9.39
734.188,13.5,734.188,13.56,734.188,9.39
734.405,10.5,734.405,10.56,734.405,12.39
734.622,9.5,734.622,11.56,734.622,11.39
734.84,14.5,734.84,14.56,734.84,7.39
735.057,10.5,735.057,12.56,735.057,15.39
735.274,9.5,735.274,15.56,735.274,7.39
735.491,12.5,735.491,14.56,735.491,14.39
735.708,11.5,735.708,10.56,735.708,11.39
735.925,10.5,735.925,15.56,735.925,11.39
736.143,12.5,736.143,9.56,736.143,13.39
736.36,10.5,736.36,9.56,736.36,15.39
736.577,11.5,736.577,11.56,736.577,15.39
736.794,8.5,736.794,13.56,736.794,17.39
737.011,9.5,737.011,13.56,737.011,11.39
737.228,8.5,737.228,11.56,737.228,12.39
737.445,19.5,737.445,12.56,737.445,12.39
737.662,10.5,737.662,12.56,737.662,14.39
737.879,13.5,737.879,13.56,737.879,16.39
738.096,6.5,738.096,11.56,738.096,7.39
738.313,6.5,738.313,12.56,738.313,13.39
738.531,8.5,738.531,13.56,738.531,15.39
738.748,6.5,738.748,9.56,738.748,13.39
738.965,11.5,738.965,13.56,738.965,12.39
739.182,6.5,739.182,11.56,739.182,9.39
739.399,10.5,739.399,11.56,739.399,11.39
739.616,10.5,739.616,13.56,739.616,11.39
739.833,14.5,739.833,9.56,739.833,15.39
740.049,17.5,740.049,14.56,740.049,11.39
740.266,7.5,740.266,13.56,740.266,9.39
740.483,10.5,740.483,15.56,740.483,16.39
740.7,7.5,740.7,13.56,740.7,14.39
740.917,8.5,740.917,9.56,740.917,10.39
741.134,8.5,741.134,11.56,741.134,11.39
741.351,12.5,741.351,9.56,741.351,9.39
741.568,11.5,741.568,5.56,741.568,11.39
741.785,11.5,741.785,12.56,741.785,15.39
742.002,6.5,742.002,9.56,742.002,14.39
742.219,7.5,742.219,13.56,742.219,7.39
742.435,6.5,742.435,11.56,742.435,9.39
742.652,8.5,742.652,9.56,742.652,11.39
742.869,10.5,742.869,9.56,742.869,10.39
743.086,6.5,743.086,11.56,743.086,13.39
743.303,6.5,743.303,10.56,743.303,10.39
743.52,5.5,743.52,11.56,743.52,11.39
743.736,9.5,743.736,11.56,743.736,9.39
743.953,12.5,743.953,9.56,743.953,13.39
744.17,10.5,744.17,5.56,744.17,15.39
744.387,10.5,744.387,14.56,744.387,9.39
744.603,12.5,744.603,13.56,744.603,11.39
744.82,18.5,744.82,13.56,744.82,11.39
745.037,10.5,745.037,11.56,745.037,6.39
745.254,9.5,745.254,15.56,745.254,12.39
745.47,14.5,745.47,14.56,745.47,14.39
745.687,11.5,745.687,15.56,745.687,11.39
745.904,14.5,745.904,11.56,745.904,10.39
746.12,10.5,746.12,10.56,746.12,11.39
746.337,12.5,746.337,12.56,746.337,16.39
746.554,11.5,746.554,12.56,746.554,17.39
746.77,11.5,746.77,11.56,746.77,13.39
746.987,7.5,746.987,15.56,746.987,9.39
747.204,12.5,747.204,13.56,747.204,13.39
747.42,10.5,747.42,13.56,747.42,11.39
747.637,7.5,747.637,13.56,747.637,7.39
747.854,8.5,747.854,11.56,747.854,11.39
748.07,14.5,748.07,11.56,748.07,11.39
748.287,8.5,748.287,11.56,748.287,10.39
748.503,10.5,748.503,13.56,748.503,9.39
748.72,10.5,748.72,11.56,748.72,11.39
748.936,8.5,748.936,11.56,748.936,9.39
749.153,10.5,749.153,11.56,749.153,7.39
749.369,8.5,749.369,7.56,749.369,11.39
749.586,10.5,749.586,9.56,749.586,8.39
749.803,14.5,749.803,14.56,749.803,12.39
750.019,9.5,750.019,13.56,750.019,8.39
750.235,6.5,750.235,6.56,750.235,7.39
750.452,10.5,750.452,12.56,750.452,9.39
750.668,6.5,750.668,10.56,750.668,10.39
750.885,10.5,750.885,9.56,750.885,10.39
751.101,10.5,751.101,13.56,751.101,14.39
751.318,12.5,751.318,15.56,751.318,14.39
751.534,8.5,751.534,17.56,751.534,8.39
751.751,10.5,751.751,12.56,751.751,13.39
751.967,7.5,751.967,14.56,751.967,14.39
752.183,10.5,752.183,11.56,752.183,13.39
752.4,12.5,752.4,9.56,752.4,10.39
752.616,10.5,752.616,9.56,752.616,12.39
752.833,12.5,752.833,13.56,752.833,13.39
753.049,12.5,753.049,9.56,753.049,13.39
753.265,12.5,753.265,13.56,753.265,10.39
753.482,9.5,753.482,10.56,753.482,13.39
753.698,5.5,753.698,12.56,753.698,14.39
753.914,11.5,753.914,13.56,753.914,11.39
754.131,9.5,754.131,13.56,754.131,7.39
754.347,7.5,754.347,11.56,754.347,13.39
754.563,12.5,754.563,11.56,754.563,13.39
754.779,11.5,754.779,11.56,754.779,10.39
754.996,6.5,754.996,11.56,754.996,11.39
755.212,16.5,755.212,12.56,755.212,12.39
755.428,13.5,755.428,10.56,755.428,17.39
755.644,8.5,755.644,11.56,755.644,12.39
755.861,10.5,755.861,12.56,755.861,12.39
756.077,8.5,756.077,6.56,756.077,9.39
756.293,11.5,756.293,12.56,756.293,6.39
756.509,6.5,756.509,14.56,756.509,13.39
756.726,8.5,756.726,12.56,756.726,9.39
756.942,12.5,756.942,13.56,756.942,13.39
757.158,9.5,757.158,11.56,757.158,13.39
757.374,10.5,757.374,12.56,757.374,13.39
757.59,12.5,757.59,14.56,757.59,14.39
757.806,10.5,757.806,9.56,757.806,13.39
758.022,7.5,758.022,14.56,758.022,11.39
758.239,12.5,758.239,13.56,758.239,12.39
758.455,12.5,758.455,13.56,758.455,14.39
758.671,11.5,758.671,12.56,758.671,7.39
758.887,10.5,758.887,8.56,758.887,8.39
759.103,9.5,759.103,15.56,759.103,9.39
759.319,10.5,759.319,6.56,759.319,14.39
759.535,10.5,759.535,11.56,759.535,14.39
759.751,4.5,759.751,13.56,759.751,13.39
759.967,11.5,759.967,14.56,759.967,12.39
760.183,13.5,760.183,13.56,760.183,15.39
760.399,12.5,760.399,11.56,760.399,11.39
760.615,6.5,760.615,14.56,760.615,11.39
760.831,9.5,760.831,11.56,760.831,10.39
761.047,12.5,761.047,13.56,761.047,10.39
761.263,6.5,761.263,9.56,761.263,18.39
761.479,10.5,761.479,14.56,761.479,17.39
761.695,6.5,761.695,7.56,761.695,14.39
761.911,6.5,761.911,11.56,761.911,9.39
762.127,7.5,762.127,8.56,762.127,14.39
762.343,10.5,762.343,13.56,762.343,12.39
762.559,9.5,762.559,12.56,762.559,11.39
762.774,9.5,762.774,13.56,762.774,13.39
762.99,10.5,762.99,12.56,762.99,12.39
763.206,9.5,763.206,13.56,763.206,15.39
763.422,14.5,763.422,7.56,763.422,11.39
763.638,10.5,763.638,8.56,763.638,12.39
763.854,14.5,763.854,9.56,763.854,12.39
764.07,10.5,764.07,16.56,764.07,14.39
764.285,12.5,764.285,9.56,764.285,9.39
764.501,9.5,764.501,14.56,764.501,11.39
764.717,8.5,764.717,8.56,764.717,10.39
764.933,8.5,764.933,8.56,764.933,9.39
765.149,10.5,765.149,11.56,765.149,12.39
765.364,10.5,765.364,13.56,765.364,16.39
765.58,8.5,765.58,12.56,765.58,13.39
765.796,12.5,765.796,11.56,765.796,15.39
766.012,11.5,766.012,16.56,766.012,11.39
766.227,4.5,766.227,16.56,766.227,7.39
766.443,15.5,766.443,12.56,766.443,16.39
766.659,10.5,766.659,7.56,766.659,14.39
766.875,10.5,766.875,9.56,766.875,9.39
767.09,13.5,767.09,17.56,767.09,13.39
767.306,10.5,767.306,8.56,767.306,8.39
767.522,13.5,767.522,15.56,767.522,13.39
767.737,10.5,767.737,11.56,767.737,7.39
767.953,8.5,767.953,7.56,767.953,11.39
768.168,12.5,768.168,11.56,768.168,7.39
768.384,15.5,768.384,12.56,768.384,9.39
768.6,8.5,768.6,9.56,768.6,13.39
768.815,10.5,768.815,11.56,768.815,11.39
769.031,8.5,769.031,12.56,769.031,7.39
769.247,16.5,769.247,13.56,769.247,9.39
769.462,12.5,769.462,18.56,769.462,12.39
769.678,12.5,769.678,14.56,769.678,11.39
769.893,8.5,769.893,7.56,769.893,10.39
770.109,13.5,770.109,15.56,770.109,11.39
770.324,16.5,770.324,9.56,770.324,9.39
770.54,5.5,770.54,11.56,770.54,14.39
770.755,8.5,770.755,11.56,770.755,9.39
770.971,10.5,770.971,13.56,770.971,11.39
771.186,8.5,771.186,11.56,771.186,13.39
771.402,8.5,771.402,8.56,771.402,14.39
771.617,8.5,771.617,12.56,771.617,14.39
771.833,4.5,771.833,12.56,771.833,11.39
772.048,7.5,772.048,11.56,772.048,15.39
772.264,10.5,772.264,10.56,772.264,10.39
772.479,15.5,772.479,13.56,772.479,12.39
772.694,9.5,772.694,10.56,772.694,7.39
772.91,9.5,772.91,11.56,772.91,11.39
773.125,11.5,773.125,14.56,773.125,10.39
773.341,10.5,773.341,18.56,773.341,15.39
773.556,9.5,773.556,13.56,773.556,11.39
773.771,1.5,773.771,13.56,773.771,11.39
773.987,8.5,773.987,13.56,773.987,11.39
774.202,12.5,774.202,13.56,774.202,13.39
774.417,8.5,774.417,11.56,774.417,16.39
774.633,7.5,774.633,11.56,774.633,13.39
774.848,13.5,774.848,13.56,774.848,17.39
775.063,11.5,775.063,11.56,775.063,13.39
775.278,10.5,775.278,8.56,775.278,13.39
775.494,7.5,775.494,8.56,775.494,10.39
775.709,16.5,775.709,15.56,775.709,11.39
775.924,9.5,775.924,13.56,775.924,9.39
776.14,10.5,776.14,15.56,776.14,12.39
776.355,10.5,776.355,9.56,776.355,9.39
776.57,9.5,776.57,13.56,776.57,10.39
776.785,5.5,776.785,11.56,776.785,7.39
777,8.5,777,11.56,777,11.39
777.216,9.5,777.216,9.56,777.216,11.39
777.431,10.5,777.431,11.56,777.431,11.39
777.646,8.5,777.646,11.56,777.646,9.39
777.861,12.5,777.861,9.56,777.861,8.39
778.076,9.5,778.076,13.56,778.076,12.39
778.291,10.5,778.291,10.56,778.291,13.39
778.506,10.5,778.506,13.56,778.506,13.39
778.722,8.5,778.722,11.56,778.722,9.39
778.937,12.5,778.937,11.56,778.937,8.39
779.152,9.5,779.152,11.56,779.152,11.39
779.367,11.5,779.367,11.56,779.367,11.39
779.582,7.5,779.582,12.56,779.582,14.39
779.797,12.5,779.797,9.56,779.797,8.39
780.012,11.5,780.012,9.56,780.012,8.39
780.227,10.5,780.227,9.56,780.227,13.39
780.442,8.5,780.442,12.56,780.442,13.39
780.657,10.5,780.657,9.56,780.657,11.39
780.872,8.5,780.872,13.56,780.872,14.39
781.087,6.5,781.087,13.56,781.087,11.39
781.302,9.5,781.302,10.56,781.302,14.39
781.517,10.5,781.517,9.56,781.517,11.39
781.732,6.5,781.732,7.56,781.732,9.39
781.947,11.5,781.947,15.56,781.947,14.39
782.162,8.5,782.162,11.56,782.162,11.39
782.377,11.5,782.377,15.56,782.377,10.39
782.592,15.5,782.592,7.56,782.592,9.39
782.807,10.5,782.807,10.56,782.807,11.39
783.022,12.5,783.022,12.56,783.022,9.39
783.237,9.5,783.237,18.56,783.237,12.39
783.451,10.5,783.451,14.56,783.451,8.39
783.666,14.5,783.666,15.56,783.666,12.39
783.881,7.5,783.881,17.56,783.881,8.39
784.096,7.5,784.096,13.56,784.096,12.39
784.311,10.5,784.311,11.56,784.311,12.39
784.526,14.5,784.526,14.56,784.526,13.39
784.74,10.5,784.74,12.56,784.74,5.39
784.955,8.5,784.955,10.56,784.955,8.39
785.17,9.5,785.17,10.56,785.17,6.39
785.385,12.5,785.385,7.56,785.385,9.39
785.6,9.5,785.6,13.56,785.6,13.39
785.814,10.5,785.814,6.56,785.814,10.39
786.029,14.5,786.029,17.56,786.029,11.39
786.244,8.5,786.244,11.56,786.244,12.39
786.459,12.5,786.459,14.56,786.459,13.39
786.673,8.5,786.673,14.56,786.673,12.39
786.888,10.5,786.888,10.56,786.888,11.39
787.103,14.5,787.103,16.56,787.103,8.39
787.317,8.5,787.317,11.56,787.317,14.39
787.532,27.5,787.532,28.56,787.532,28.39
787.747,63.5,787.747,55.56,787.747,53.39
787.961,72.5,787.961,64.56,787.961,65.39
788.176,39.5,788.176,33.56,788.176,37.39
788.391,21.5,788.391,21.56,788.391,20.39
788.605,12.5,788.605,13.56,788.605,13.39
788.82,14.5,788.82,13.56,788.82,14.39
789.034,11.5,789.034,11.56,789.034,9.39
789.249,15.5,789.249,12.56,789.249,7.39
789.464,13.5,789.464,11.56,789.464,15.39
789.678,12.5,789.678,12.56,789.678,9.39
789.893,7.5,789.893,11.56,789.893,8.39
790.107,9.5,790.107,8.56,790.107,11.39
790.322,9.5,790.322,13.56,790.322,9.39
790.536,6.5,790.536,13.56,790.536,15.39
790.751,8.5,790.751,9.56,790.751,14.39
790.965,9.5,790.965,9.56,790.965,11.39
791.18,6.5,791.18,13.56,791.18,12.39
791.394,12.5,791.394,11.56,791.394,11.39
791.609,12.5,791.609,13.56,791.609,9.39
791.823,6.5,791.823,7.56,791.823,10.39
792.038,13.5,792.038,12.56,792.038,11.39
792.252,9.5,792.252,14.56,792.252,11.39
792.466,8.5,792.466,13.56,792.466,11.39
792.681,12.5,792.681,9.56,792.681,12.39
792.895,10.5,792.895,9.56,792.895,9.39
793.11,7.5,793.11,10.56,793.11,13.39
793.324,14.5,793.324,11.56,793.324,9.39
793.538,10.5,793.538,11.56,793.538,13.39
793.753,14.5,793.753,12.56,793.753,13.39
793.967,9.5,793.967,10.56,793.967,10.39
794.181,10.5,794.181,13.56,794.181,14.39
794.396,12.5,794.396,11.56,794.396,11.39
794.61,8.5,794.61,12.56,794.61,14.39
794.824,11.5,794.824,3.56,794.824,11.39
795.039,10.5,795.039,7.56,795.039,12.39
795.253,8.5,795.253,9.56,795.253,11.39
795.467,11.5,795.467,10.56,795.467,10.39
795.681,8.5,795.681,11.56,795.681,12.39
795.896,6.5,795.896,8.56,795.896,9.39
796.11,11.5,796.11,9.56,796.11,8.39
796.324,6.5,796.324,7.56,796.324,5.39
796.538,6.5,796.538,9.56,796.538,8.39
796.753,37.5,796.753,54.56,796.753,56.39
796.967,10.5,796.967,13.56,796.967,10.39
797.181,10.5,797.181,11.56,797.181,8.39
797.395,10.5,797.395,15.56,797.395,7.39
797.609,10.5,797.609,9.56,797.609,12.39
797.823,7.5,797.823,11.56,797.823,9.39
798.037,10.5,798.037,8.56,798.037,9.39
798.252,11.5,798.252,15.56,798.252,14.39
798.466,6.5,798.466,7.56,798.466,7.39
798.68,12.5,798.68,12.56,798.68,10.39
798.894,8.5,798.894,8.56,798.894,11.39
799.108,8.5,799.108,14.56,799.108,11.39
799.322,7.5,799.322,11.56,799.322,11.39
799.536,8.5,799.536,13.56,799.536,14.39
799.75,8.5,799.75,12.56,799.75,7.39
799.964,13.5,799.964,14.56,799.964,9.39
800.178,9.5,800.178,9.56,800.178,13.39
